date,barbican,golden_lane,city_of_london_flats,london_flats,england_flats
2020-12-18,820000,,,,
2010-10-08,527500,,,,
2002-07-19,260000,,,,
2018-06-29,460000,,,,
1998-10-14,88000,,,,
1996-12-02,70000,,,,
2014-01-17,745000,,,,
2010-04-21,489000,,,,
2010-10-26,660000,,,,
2001-01-26,273500,,,,
2018-02-23,1420000,,,,
2010-01-15,797500,,,,
2003-08-08,446700,,,,
2001-02-16,154000,,,,
2005-09-05,197500,,,,
1997-10-30,87500,,,,
2022-03-01,410000,,,,
2012-11-30,310000,,,,
2011-04-28,250000,,,,
2001-08-30,130000,,,,
1995-12-20,55000,,,,
1995-03-14,47500,,,,
2004-12-22,216500,,,,
2000-04-20,126000,,,,
1999-03-22,95000,,,,
1996-08-23,59999,,,,
2015-08-11,907500,,,,
2001-01-07,222000,,,,
1996-12-09,104000,,,,
1997-06-27,267000,,,,
2023-06-14,1630000,,,,
2003-10-03,510000,,,,
2002-12-17,460000,,,,
2012-02-15,330000,,,,
2006-07-31,405000,,,,
2008-01-10,285000,,,,
2006-05-09,187000,,,,
1995-03-07,49500,,,,
1995-10-20,207000,,,,
2012-08-20,940000,,,,
2022-09-14,880000,,,,
2006-06-30,432778,,,,
2006-07-07,315000,,,,
2019-10-25,725000,,,,
2002-01-22,230000,,,,
2011-12-01,475000,,,,
1995-05-31,95000,,,,
2024-05-09,1700000,,,,
2003-11-26,530000,,,,
1999-08-27,252000,,,,
2003-03-20,261000,,,,
2024-08-01,510000,,,,
2009-06-19,305000,,,,
2005-04-01,245000,,,,
2002-04-29,180000,,,,
1998-11-23,165000,,,,
2002-10-25,285000,,,,
1999-02-10,145000,,,,
2005-01-12,215000,,,,
1998-11-09,92000,,,,
2023-02-01,645000,,,,
2007-02-27,380000,,,,
2003-12-04,255000,,,,
2000-11-24,315000,,,,
1997-10-10,200000,,,,
1996-12-10,190000,,,,
2001-12-13,179500,,,,
2000-12-12,134000,,,,
2009-02-27,370000,,,,
2019-09-11,1590000,,,,
1999-10-25,270000,,,,
2022-12-06,930000,,,,
2002-08-30,295000,,,,
1997-08-11,59000,,,,
2008-01-09,563000,,,,
2011-07-29,460000,,,,
2001-08-02,245000,,,,
2001-03-14,210000,,,,
2015-09-14,1410000,,,,
2009-08-21,695000,,,,
1998-04-08,215000,,,,
1995-02-13,80000,,,,
2017-09-08,995000,,,,
2007-02-28,495000,,,,
2022-08-02,545000,,,,
2015-06-09,500000,,,,
2011-06-14,310000,,,,
2019-06-21,1635000,,,,
1995-09-01,108000,,,,
1995-12-19,171100,,,,
2001-01-25,220000,,,,
2002-12-13,645000,,,,
2003-11-14,601000,,,,
2022-12-15,985000,,,,
2018-06-15,925000,,,,
2017-08-07,860000,,,,
2010-08-06,880000,,,,
2007-01-31,750000,,,,
1997-06-06,185000,,,,
2001-04-23,210000,,,,
1999-05-07,103000,,,,
1998-01-07,99000,,,,
2006-11-30,550000,,,,
2004-10-25,355000,,,,
1998-10-23,172500,,,,
1999-10-29,181500,,,,
2011-05-20,500000,,,,
2006-08-18,435111,,,,
1999-04-30,145000,,,,
2007-05-15,476000,,,,
2014-01-13,845000,,,,
2012-01-12,530000,,,,
2002-03-26,250000,,,,
1999-03-18,172000,,,,
1998-09-05,172500,,,,
2001-04-02,212000,,,,
2001-03-02,236000,,,,
2001-08-14,150000,,,,
2015-04-24,525000,,,,
1999-06-03,95000,,,,
1996-11-22,63000,,,,
2004-04-02,538000,,,,
1996-03-29,190100,,,,
2021-08-06,790000,,,,
2015-10-30,899500,,,,
2002-12-09,315000,,,,
1997-01-31,104000,,,,
2007-08-13,352500,,,,
2006-03-29,380000,,,,
1997-05-23,115000,,,,
1998-07-27,84000,,,,
2009-05-22,966000,,,,
2012-09-12,570000,,,,
2007-01-29,465000,,,,
2001-03-16,220000,,,,
2017-12-12,1450000,,,,
2015-05-29,840000,,,,
2007-09-19,605000,,,,
2001-12-19,268000,,,,
2011-05-26,585100,,,,
2001-05-03,240000,,,,
1999-11-16,185000,,,,
1997-07-24,154000,,,,
2024-07-02,940000,,,,
2010-12-16,573000,,,,
1999-04-26,178500,,,,
2014-08-15,1655000,,,,
2010-09-24,820000,,,,
2005-06-09,325000,,,,
1996-09-12,92000,,,,
2014-01-16,710000,,,,
2007-05-31,425000,,,,
2000-03-20,80000,,,,
2021-03-08,830000,,,,
2010-08-27,620000,,,,
2004-11-05,380000,,,,
2017-12-21,635000,,,,
1999-12-10,195000,,,,
2003-10-03,235000,,,,
2000-02-17,230000,,,,
2000-04-05,135000,,,,
1999-07-23,95000,,,,
2006-10-06,675000,,,,
2003-04-30,236123,,,,
1996-03-15,150000,,,,
2004-07-19,196000,,,,
1999-12-07,115000,,,,
2023-08-30,405000,,,,
2014-03-27,780000,,,,
2000-09-29,237000,,,,
2002-09-30,535000,,,,
2019-04-15,950000,,,,
2012-11-02,645000,,,,
1995-01-25,124000,,,,
1999-04-30,249500,,,,
2024-05-24,935000,,,,
2005-06-07,408000,,,,
2001-08-31,292000,,,,
2004-02-19,313000,,,,
2001-09-11,311750,,,,
2022-10-03,1137000,,,,
2004-11-02,335000,,,,
1999-07-23,172000,,,,
2014-05-09,850000,,,,
2000-08-13,231020,,,,
2008-07-25,500000,,,,
2002-04-30,300000,,,,
1998-05-01,179500,,,,
2022-06-24,730000,,,,
2021-06-28,815000,,,,
2021-06-01,882500,,,,
2016-03-31,1150000,,,,
2013-02-28,725000,,,,
2002-09-30,330000,,,,
1998-05-11,150000,,,,
2018-09-07,900000,,,,
1997-02-04,123000,,,,
2020-11-09,1100000,,,,
2002-01-16,250000,,,,
1998-07-31,155000,,,,
2014-06-18,700000,,,,
2013-02-25,420000,,,,
2010-01-28,355000,,,,
2006-11-17,295000,,,,
2006-05-05,245000,,,,
2005-10-26,235000,,,,
1997-06-23,85000,,,,
2021-08-09,1050000,,,,
2015-05-07,1001007,,,,
2002-11-01,325000,,,,
1998-11-13,179000,,,,
2022-08-05,950000,,,,
2015-07-06,910000,,,,
1998-08-14,155000,,,,
2016-06-03,785000,,,,
2004-03-05,240790,,,,
2018-07-23,518000,,,,
2014-04-07,510000,,,,
2005-05-12,211000,,,,
1998-01-09,91000,,,,
1999-08-02,130000,,,,
1996-09-05,71000,,,,
2017-09-20,950000,,,,
2016-09-30,880000,,,,
2014-11-17,1800000,,,,
1998-06-17,190000,,,,
2014-06-23,1295000,,,,
2003-07-31,347500,,,,
1999-04-16,190000,,,,
2004-03-26,250000,,,,
2003-09-16,242500,,,,
2023-01-24,710000,,,,
2010-08-13,455000,,,,
2002-02-04,245000,,,,
1998-09-29,127000,,,,
2003-11-05,192500,,,,
2002-04-26,168000,,,,
2014-10-31,967500,,,,
2000-05-31,220000,,,,
1995-12-15,121000,,,,
2022-04-01,1075000,,,,
1998-03-06,120000,,,,
2013-07-11,812000,,,,
2006-09-28,495000,,,,
1998-10-16,165000,,,,
1999-12-03,340000,,,,
2008-07-01,455000,,,,
1998-02-06,119500,,,,
2012-02-17,320000,,,,
1998-05-27,130000,,,,
1995-07-19,97500,,,,
2013-10-14,981000,,,,
2001-04-02,347500,,,,
2004-02-27,275000,,,,
1999-06-25,143000,,,,
2020-12-08,800000,,,,
2015-09-25,2150100,,,,
1996-07-01,73000,,,,
2019-12-10,475000,,,,
2005-09-15,330000,,,,
2002-01-07,246000,,,,
1999-11-05,180000,,,,
1997-06-23,67000,,,,
2012-09-03,1100000,,,,
2017-08-18,1350000,,,,
2000-12-01,362000,,,,
2013-03-15,699950,,,,
1999-12-21,225000,,,,
2009-10-28,495000,,,,
2002-09-02,300000,,,,
1999-08-02,151000,,,,
2005-03-01,320000,,,,
2007-09-10,695000,,,,
1999-09-03,188000,,,,
1995-06-28,100000,,,,
2018-06-01,485000,,,,
2007-05-25,305000,,,,
2000-08-16,380000,,,,
2000-01-28,275000,,,,
2000-11-23,534000,,,,
2021-06-21,895000,,,,
2011-12-16,660000,,,,
2011-05-25,575000,,,,
2005-06-09,344000,,,,
2001-03-28,234000,,,,
2004-08-05,234500,,,,
2002-07-01,195000,,,,
2019-12-20,965000,,,,
2017-06-23,875000,,,,
2024-04-19,730000,,,,
1998-05-15,250000,,,,
2019-04-26,772000,,,,
1995-04-11,93750,,,,
2018-12-17,806000,,,,
2017-05-08,570000,,,,
2010-12-01,320000,,,,
2010-01-22,275000,,,,
2000-03-10,145000,,,,
2009-05-19,395000,,,,
2004-12-07,360000,,,,
1995-09-20,106000,,,,
2014-09-16,918000,,,,
1995-03-31,110000,,,,
2005-04-13,318000,,,,
2022-10-07,1150000,,,,
2012-12-14,835000,,,,
2005-07-04,388000,,,,
1995-03-16,107000,,,,
2013-12-13,700000,,,,
1998-05-15,143000,,,,
2023-09-13,890000,,,,
2015-07-02,840000,,,,
2021-04-30,807500,,,,
1999-11-05,218000,,,,
1995-02-09,130000,,,,
2006-07-28,640250,,,,
2019-08-20,895000,,,,
2012-01-20,565000,,,,
2005-02-18,303000,,,,
2003-09-29,265000,,,,
1996-11-04,97500,,,,
1998-05-22,80000,,,,
1998-02-17,249999,,,,
1997-03-24,145000,,,,
2023-06-16,1135000,,,,
2019-02-04,920000,,,,
1999-06-25,169500,,,,
2010-06-18,800000,,,,
2023-06-01,2300000,,,,
2019-06-14,1725000,,,,
1996-06-26,180000,,,,
2015-09-22,1865000,,,,
2001-09-14,475000,,,,
1995-10-31,110000,,,,
2007-09-28,285000,,,,
2003-08-21,160000,,,,
2023-08-11,475000,,,,
2018-08-24,510000,,,,
2014-10-17,472500,,,,
2002-07-26,182500,,,,
2002-05-17,140000,,,,
2016-03-24,1000000,,,,
2017-09-25,1085000,,,,
1999-01-12,182500,,,,
1995-04-03,115000,,,,
2006-07-04,390013,,,,
2004-08-11,310000,,,,
1997-06-11,120000,,,,
2002-08-14,320000,,,,
1999-05-07,175000,,,,
2017-01-16,1775000,,,,
2007-12-11,625000,,,,
1996-02-01,64500,,,,
1998-02-04,232000,,,,
2006-09-11,625000,,,,
2001-10-19,465000,,,,
2001-04-30,215000,,,,
1997-04-11,190000,,,,
2021-12-17,700000,,,,
2021-09-28,837000,,,,
2022-03-01,875000,,,,
1995-08-02,110000,,,,
2012-02-28,962127,,,,
2021-06-04,699000,,,,
1995-07-18,100000,,,,
2009-09-04,485000,,,,
2002-07-10,310000,,,,
1997-02-28,120000,,,,
2005-05-27,160000,,,,
1999-12-10,170000,,,,
1995-06-26,102000,,,,
2016-03-30,1450000,,,,
2009-12-08,825000,,,,
1999-04-12,225000,,,,
1996-04-12,95000,,,,
2015-05-21,1750000,,,,
1999-05-28,230000,,,,
2024-03-08,967500,,,,
2016-03-11,950000,,,,
2020-02-13,478000,,,,
2014-03-28,750000,,,,
2005-12-23,340000,,,,
2002-03-08,241500,,,,
2019-03-18,920000,,,,
2021-05-27,495000,,,,
1999-01-28,125000,,,,
1996-12-16,109500,,,,
2022-08-22,1570000,,,,
1999-11-30,315000,,,,
2009-01-06,500000,,,,
1997-01-31,101000,,,,
2002-05-10,283000,,,,
2001-06-22,230000,,,,
2009-03-31,280000,,,,
2002-05-31,180000,,,,
2003-07-18,163000,,,,
2000-11-17,120000,,,,
1999-12-03,80000,,,,
1999-05-24,79500,,,,
1999-10-29,170000,,,,
2022-01-07,1895000,,,,
2009-03-25,925000,,,,
2005-11-02,350000,,,,
1997-09-05,135000,,,,
2006-07-17,380000,,,,
2005-02-25,287000,,,,
2009-04-17,480000,,,,
2005-06-20,375000,,,,
2002-07-29,315000,,,,
1997-10-02,147000,,,,
1995-03-30,102000,,,,
2007-02-27,270000,,,,
2004-09-08,575000,,,,
2016-03-31,880000,,,,
2013-10-17,415000,,,,
2005-09-16,195000,,,,
2001-04-18,132000,,,,
1996-04-30,50000,,,,
2022-08-11,440000,,,,
2005-08-26,341120,,,,
2021-10-29,840000,,,,
2014-04-09,790000,,,,
2002-10-16,190000,,,,
2010-09-03,650000,,,,
2005-02-28,420000,,,,
2003-12-05,335000,,,,
1997-11-28,172500,,,,
1995-07-28,114000,,,,
2007-03-02,998200,,,,
2023-05-02,680000,,,,
2015-09-18,710000,,,,
1999-10-01,156000,,,,
2006-11-16,430000,,,,
1996-07-31,107500,,,,
2010-10-22,429950,,,,
1997-09-11,122000,,,,
2017-04-20,755000,,,,
2015-10-02,700000,,,,
1999-02-15,142000,,,,
2021-04-23,632000,,,,
2003-11-26,300000,,,,
2000-12-12,430000,,,,
1996-11-11,160000,,,,
2024-10-18,945000,,,,
1999-07-29,210000,,,,
1997-06-02,141000,,,,
2001-11-06,335000,,,,
2003-05-22,560000,,,,
2000-04-20,400000,,,,
1998-03-06,233000,,,,
2010-04-23,630000,,,,
2004-01-06,245000,,,,
2003-10-28,320000,,,,
2001-02-28,235000,,,,
2019-03-08,476000,,,,
2013-11-01,395250,,,,
2000-12-19,138500,,,,
2001-10-01,405000,,,,
1998-11-06,215000,,,,
2024-05-17,780000,,,,
2009-03-27,372000,,,,
2008-02-06,287500,,,,
2011-04-04,950000,,,,
2006-04-21,650000,,,,
2017-08-07,790000,,,,
2001-09-27,250000,,,,
1996-12-18,97000,,,,
2021-10-20,800000,,,,
1999-11-23,213000,,,,
2024-02-22,1350000,,,,
1999-07-15,238000,,,,
2016-03-30,868000,,,,
2006-07-04,235000,,,,
1997-02-24,52000,,,,
2002-07-31,220000,,,,
1999-06-15,135000,,,,
1995-08-04,93000,,,,
1996-09-20,62100,,,,
2019-02-01,747500,,,,
2003-11-14,258000,,,,
2016-05-20,760000,,,,
2009-09-04,375000,,,,
2002-08-27,240000,,,,
2022-04-29,925000,,,,
2016-10-27,950000,,,,
2014-08-22,1440000,,,,
1995-05-09,142000,,,,
2019-03-29,450000,,,,
2013-12-06,440000,,,,
2024-07-30,570000,,,,
2006-12-21,289500,,,,
1996-12-13,75000,,,,
2018-02-05,880000,,,,
1999-04-01,175000,,,,
1999-09-22,200000,,,,
2015-06-18,1010000,,,,
2009-03-27,500000,,,,
2021-09-30,815000,,,,
2007-06-27,946000,,,,
2000-01-14,371000,,,,
1997-01-24,56000,,,,
2006-10-03,432500,,,,
2005-02-15,335000,,,,
2023-10-27,970000,,,,
2013-07-29,875000,,,,
2004-10-27,375000,,,,
2014-04-09,940000,,,,
2012-11-07,765000,,,,
1999-08-03,199500,,,,
2014-06-13,845000,,,,
2000-05-15,242050,,,,
2012-05-28,487000,,,,
1999-06-23,235000,,,,
2021-04-16,1285000,,,,
1999-08-06,407000,,,,
2009-12-18,710000,,,,
2001-11-09,450101,,,,
2004-02-20,280000,,,,
1999-01-22,125000,,,,
1995-12-08,92000,,,,
1997-09-10,116000,,,,
2017-12-01,830000,,,,
2004-12-22,327500,,,,
2018-12-07,705000,,,,
1999-07-23,160300,,,,
2004-07-16,317500,,,,
2001-07-12,280000,,,,
2010-04-23,499000,,,,
2007-04-27,475000,,,,
2022-04-14,1500000,,,,
2012-08-24,1075000,,,,
2003-02-14,490000,,,,
1998-04-03,230000,,,,
2002-08-30,487500,,,,
2000-06-26,340000,,,,
1998-12-01,282500,,,,
1996-03-01,170000,,,,
2020-08-10,1210000,,,,
2016-04-07,1100000,,,,
1997-06-12,156000,,,,
2013-07-22,775000,,,,
2007-11-15,845000,,,,
1998-05-19,192000,,,,
2015-09-18,895000,,,,
2000-04-19,198000,,,,
1995-11-01,99500,,,,
2009-07-31,300000,,,,
1999-02-01,99500,,,,
1999-06-01,135000,,,,
2008-10-17,444000,,,,
2004-04-26,499950,,,,
2000-08-15,387500,,,,
1998-12-23,103000,,,,
2005-10-28,305000,,,,
2003-08-08,250000,,,,
2000-10-31,212000,,,,
1999-04-30,142000,,,,
1998-02-10,122750,,,,
1999-08-19,172000,,,,
2019-09-19,880000,,,,
2016-03-29,840000,,,,
2007-04-03,725000,,,,
2012-02-15,735000,,,,
2003-12-05,370000,,,,
2022-06-23,770000,,,,
1999-03-25,149500,,,,
1995-01-05,96000,,,,
2021-06-25,650000,,,,
2001-01-22,208000,,,,
2017-10-12,860000,,,,
2011-04-14,570000,,,,
2007-07-06,607500,,,,
2003-06-23,335000,,,,
2002-03-07,280000,,,,
1997-10-10,150000,,,,
1997-04-07,140000,,,,
1996-05-14,125000,,,,
2005-05-20,190000,,,,
1997-06-23,80000,,,,
2022-02-25,810000,,,,
2007-02-28,375000,,,,
2000-08-11,290000,,,,
1999-01-29,225000,,,,
1996-07-16,155000,,,,
2003-10-10,540000,,,,
1997-03-14,247500,,,,
2004-05-20,305000,,,,
1995-03-17,100000,,,,
2004-08-19,320000,,,,
1996-06-27,97000,,,,
2010-09-20,822500,,,,
1997-05-09,195000,,,,
2002-07-12,515000,,,,
2010-01-06,895000,,,,
1996-10-16,159000,,,,
2022-06-28,702000,,,,
2020-03-31,885000,,,,
2014-04-09,854000,,,,
2011-07-29,640000,,,,
2006-12-14,431431,,,,
2015-09-22,895500,,,,
2004-08-06,299950,,,,
1998-04-07,128000,,,,
1995-08-31,210000,,,,
2006-06-09,310000,,,,
2001-02-02,214000,,,,
2000-06-30,175000,,,,
2017-06-07,110000,,,,
2022-03-02,525000,,,,
2011-08-26,610000,,,,
1996-02-29,65000,,,,
2023-09-13,1600000,,,,
2021-09-29,2110000,,,,
2001-09-14,550000,,,,
2001-07-30,250000,,,,
2004-07-02,210000,,,,
2002-08-16,190000,,,,
2022-10-26,925000,,,,
2005-12-19,250000,,,,
2000-03-10,145000,,,,
2021-06-04,480000,,,,
2001-08-17,180000,,,,
2012-01-12,260000,,,,
2004-05-17,175000,,,,
2016-02-04,1970000,,,,
1997-10-07,247500,,,,
2015-01-09,875000,,,,
2013-09-24,420000,,,,
2007-03-16,277000,,,,
2004-07-01,208000,,,,
2003-06-13,198000,,,,
2001-03-23,142000,,,,
2012-04-25,499950,,,,
2011-02-03,295000,,,,
2007-11-29,325000,,,,
1997-10-10,145000,,,,
2018-07-16,870000,,,,
2004-01-30,288000,,,,
1998-10-22,145000,,,,
2006-08-10,392000,,,,
1996-06-25,112000,,,,
2018-11-09,925000,,,,
2008-12-16,470000,,,,
1997-11-28,151000,,,,
1996-12-19,129500,,,,
2000-01-28,195000,,,,
2022-08-12,850000,,,,
2022-01-28,825000,,,,
2006-02-09,382500,,,,
2020-08-24,1680000,,,,
1996-04-16,215000,,,,
2005-02-28,336000,,,,
2001-07-02,237000,,,,
2011-01-12,562500,,,,
2007-08-10,495000,,,,
2021-09-13,712500,,,,
2015-09-02,775000,,,,
2009-08-28,377500,,,,
2002-07-29,270000,,,,
2009-09-28,935000,,,,
1999-12-09,330000,,,,
2003-03-28,250000,,,,
2010-01-15,250000,,,,
2006-06-28,190000,,,,
2023-05-26,525000,,,,
2011-09-13,345000,,,,
2003-11-14,192000,,,,
2001-03-20,130000,,,,
2007-09-20,360000,,,,
2005-04-08,208000,,,,
1996-10-31,59950,,,,
2021-08-27,775000,,,,
2024-01-17,925000,,,,
2015-09-02,850000,,,,
2005-10-26,385000,,,,
1997-05-29,140000,,,,
2016-03-16,1375000,,,,
2011-11-29,611898,,,,
2009-09-07,485000,,,,
2004-07-30,325000,,,,
2004-07-28,528000,,,,
2021-03-03,1585000,,,,
2004-06-16,535000,,,,
1996-10-10,193000,,,,
2013-08-23,599995,,,,
1997-04-04,107500,,,,
2015-11-23,530000,,,,
2012-05-11,350000,,,,
2002-12-04,278000,,,,
1997-12-12,137000,,,,
2004-09-29,204000,,,,
2004-01-20,195000,,,,
2001-12-19,167000,,,,
1998-12-30,92000,,,,
2002-05-31,155000,,,,
1997-11-21,77500,,,,
2000-04-11,135000,,,,
2022-06-06,716000,,,,
2011-12-15,490000,,,,
2003-08-01,249950,,,,
1999-01-18,141000,,,,
1996-11-27,107500,,,,
2005-07-29,280000,,,,
1999-09-30,160000,,,,
1995-01-11,87500,,,,
2005-08-11,375000,,,,
1998-09-30,104000,,,,
2005-06-25,340000,,,,
2020-08-10,1740000,,,,
1999-11-03,375000,,,,
2002-11-08,261000,,,,
2006-10-18,417000,,,,
2006-11-29,450000,,,,
2004-05-21,340000,,,,
2016-07-20,1040000,,,,
2005-04-21,415000,,,,
2002-02-04,325000,,,,
2021-03-31,837500,,,,
2004-01-15,470000,,,,
2018-01-09,765000,,,,
2009-10-09,410000,,,,
2005-03-23,640000,,,,
1999-02-05,350000,,,,
2017-09-15,849950,,,,
2012-06-06,530000,,,,
1997-07-08,130000,,,,
2015-09-18,1630000,,,,
1995-08-14,177000,,,,
2024-05-24,945000,,,,
2024-02-23,445000,,,,
2013-02-07,1100000,,,,
2005-03-30,615000,,,,
1998-01-12,262500,,,,
2014-06-19,500000,,,,
2010-10-28,320000,,,,
1999-07-22,95000,,,,
1996-10-24,119000,,,,
2006-12-14,650000,,,,
2002-08-30,402000,,,,
1997-03-10,165000,,,,
1998-02-09,141000,,,,
2010-11-25,292000,,,,
2023-08-04,1800000,,,,
2018-07-27,1800000,,,,
2003-12-08,490000,,,,
1997-01-08,162000,,,,
2018-12-03,1180000,,,,
2005-02-07,631000,,,,
2023-09-15,785000,,,,
2018-04-06,690500,,,,
2018-08-06,835000,,,,
2013-09-19,795000,,,,
2010-11-26,465000,,,,
2009-03-19,260000,,,,
1998-11-27,95000,,,,
2012-03-16,270000,,,,
1999-07-09,150000,,,,
2009-10-23,862000,,,,
2004-04-15,515000,,,,
2022-09-29,725000,,,,
2014-11-14,765000,,,,
2001-05-17,210000,,,,
2003-06-20,475000,,,,
1998-03-11,235000,,,,
2014-01-21,365000,,,,
2001-08-31,127500,,,,
2023-07-10,1495000,,,,
1998-10-23,310000,,,,
1996-10-04,225000,,,,
1997-09-20,175000,,,,
2023-12-07,725675,,,,
2017-01-27,765000,,,,
2004-09-17,292500,,,,
2000-03-11,120000,,,,
1995-01-30,95000,,,,
2007-03-19,277000,,,,
2000-06-30,137500,,,,
2003-07-16,170000,,,,
2002-09-09,175000,,,,
2000-10-13,127000,,,,
2017-10-06,1950000,,,,
2005-04-04,572000,,,,
1995-03-20,75000,,,,
2024-01-16,1148000,,,,
2013-05-09,595000,,,,
2023-01-10,395000,,,,
2002-04-09,152500,,,,
1999-10-29,99000,,,,
2014-05-02,810000,,,,
1995-12-01,115000,,,,
2016-09-19,800000,,,,
2011-07-01,495000,,,,
2005-06-07,310000,,,,
2010-12-14,1750000,,,,
2003-10-10,1150000,,,,
1996-11-20,525000,,,,
2023-03-03,517000,,,,
2018-07-06,510000,,,,
2011-02-18,330000,,,,
2006-02-09,225000,,,,
2023-12-14,1365000,,,,
2020-05-15,950000,,,,
2006-07-24,525000,,,,
2005-11-30,450000,,,,
2004-10-04,360000,,,,
2003-12-19,290000,,,,
2021-11-17,900000,,,,
2002-08-20,318000,,,,
2012-08-10,293000,,,,
1999-09-28,89000,,,,
2013-06-07,915000,,,,
2013-05-30,1200000,,,,
2015-05-01,870000,,,,
2006-04-04,415000,,,,
2001-01-11,230000,,,,
2012-02-17,530000,,,,
2024-05-17,900000,,,,
2016-07-22,850000,,,,
2002-03-06,185000,,,,
2014-08-22,1800000,,,,
2000-11-24,385000,,,,
2012-11-07,1020000,,,,
2003-04-23,455000,,,,
2002-02-28,440000,,,,
2018-05-18,415000,,,,
2000-12-22,458000,,,,
1997-04-15,150000,,,,
2024-05-17,1800000,,,,
2012-11-30,699950,,,,
2002-12-13,320000,,,,
2001-07-13,265000,,,,
2023-07-13,875000,,,,
2006-09-01,495000,,,,
1995-12-14,114000,,,,
2011-03-08,530000,,,,
2009-09-25,472500,,,,
2008-01-25,487500,,,,
1997-08-05,125000,,,,
2001-01-26,235000,,,,
2015-06-19,1750000,,,,
2004-08-12,532500,,,,
2000-02-10,400000,,,,
1999-03-31,290000,,,,
1997-10-22,220000,,,,
2021-06-30,1574000,,,,
2018-11-16,716000,,,,
1999-01-29,128000,,,,
2010-06-18,359950,,,,
2002-04-12,200000,,,,
2000-05-26,137500,,,,
2021-06-30,930000,,,,
2007-10-26,650000,,,,
2006-10-12,460000,,,,
2017-08-17,1125000,,,,
2007-02-16,500000,,,,
2017-04-06,395000,,,,
2010-07-29,325000,,,,
2000-02-22,135000,,,,
1998-06-08,109000,,,,
2004-09-29,595000,,,,
2002-04-26,377500,,,,
1999-07-30,243000,,,,
1999-09-06,197500,,,,
2018-05-25,925000,,,,
2018-02-21,480000,,,,
2023-04-14,1255000,,,,
2014-02-14,905000,,,,
1999-02-10,175000,,,,
1998-06-12,270000,,,,
2015-09-15,1400000,,,,
1999-03-08,215000,,,,
2004-04-26,324000,,,,
1999-10-07,202500,,,,
2015-07-17,750000,,,,
2002-04-29,535000,,,,
1998-10-16,150000,,,,
2020-01-06,495000,,,,
2014-01-14,437600,,,,
2003-08-22,194000,,,,
1998-07-30,90000,,,,
2015-12-09,1150000,,,,
2006-07-27,495000,,,,
2005-02-11,310000,,,,
2009-12-02,650000,,,,
2005-04-08,390000,,,,
1999-04-01,165000,,,,
2000-01-17,385000,,,,
1998-05-19,265000,,,,
2004-10-18,195000,,,,
2018-02-09,863500,,,,
2011-12-16,580000,,,,
2009-07-20,440000,,,,
2021-05-21,540000,,,,
2014-12-18,640000,,,,
2009-11-09,246000,,,,
2007-02-07,235000,,,,
2001-09-07,124000,,,,
2000-07-28,224000,,,,
1999-05-21,156000,,,,
2023-08-10,950000,,,,
2000-06-21,229000,,,,
2022-06-22,1310000,,,,
2018-01-25,983000,,,,
2018-03-19,750000,,,,
2005-09-08,315000,,,,
2003-04-10,272500,,,,
2002-07-22,240000,,,,
2001-03-01,205000,,,,
2024-04-25,850000,,,,
2011-02-23,617000,,,,
2002-09-12,377500,,,,
2006-02-03,360000,,,,
2016-10-14,995000,,,,
2021-04-16,1295000,,,,
2003-12-05,488000,,,,
2000-09-26,485000,,,,
1998-02-27,170000,,,,
2011-05-13,472500,,,,
1997-02-07,118500,,,,
2018-10-10,760000,,,,
2012-12-20,500000,,,,
2015-07-01,880000,,,,
2009-08-04,500000,,,,
2005-04-28,296000,,,,
2018-08-15,870000,,,,
1997-11-20,150000,,,,
2001-01-10,140500,,,,
1997-10-13,87000,,,,
2014-10-03,1727009,,,,
2024-09-30,805000,,,,
2000-10-27,243000,,,,
1998-07-02,120000,,,,
2014-09-03,1800000,,,,
2002-04-05,547500,,,,
2017-06-20,1680000,,,,
2010-04-30,900000,,,,
2001-02-14,230000,,,,
2011-04-08,999900,,,,
2020-11-06,420000,,,,
2015-07-22,415000,,,,
2008-12-01,228000,,,,
2013-04-25,1200000,,,,
2000-06-01,415000,,,,
1997-12-29,255000,,,,
1998-12-23,156000,,,,
1998-01-08,120000,,,,
2006-09-11,365000,,,,
2004-08-13,540000,,,,
2001-06-29,385000,,,,
2008-01-31,975000,,,,
2005-04-29,610000,,,,
2010-08-26,490000,,,,
2003-05-02,237500,,,,
2007-10-30,580000,,,,
2022-09-01,400000,,,,
2007-12-14,287000,,,,
2006-02-03,200000,,,,
2007-03-22,401800,,,,
1996-07-23,111000,,,,
2016-07-26,950000,,,,
2009-11-27,475000,,,,
2000-07-21,232500,,,,
1998-05-11,163000,,,,
2010-01-28,430000,,,,
2015-09-04,1212000,,,,
2005-07-29,300000,,,,
2019-10-18,425000,,,,
2010-07-23,480000,,,,
2002-12-20,268500,,,,
2018-07-16,633333,,,,
1995-10-27,126250,,,,
2000-09-11,426075,,,,
1997-05-09,220000,,,,
2000-12-01,242500,,,,
2003-10-15,245000,,,,
2000-01-25,185000,,,,
2017-09-15,850000,,,,
2004-04-29,310000,,,,
1998-06-22,165000,,,,
1997-01-28,16000,,,,
1995-07-14,113000,,,,
2021-09-24,720000,,,,
2019-09-12,2000000,,,,
2013-02-18,1275000,,,,
2023-08-30,915000,,,,
1997-04-23,150000,,,,
1996-07-17,107000,,,,
2006-09-14,400000,,,,
2021-11-12,450000,,,,
2004-10-01,220000,,,,
2002-01-24,187500,,,,
1996-08-16,72000,,,,
2005-08-25,387500,,,,
2001-06-15,275000,,,,
2012-01-09,550000,,,,
2023-11-30,510000,,,,
2022-06-01,670000,,,,
1999-10-18,166500,,,,
2010-04-16,499999,,,,
2004-04-16,291000,,,,
1999-10-25,172000,,,,
1995-10-27,100000,,,,
2006-01-12,350000,,,,
2001-03-06,220000,,,,
1997-04-22,118500,,,,
2022-11-04,585000,,,,
2020-06-09,1350000,,,,
1998-01-30,195000,,,,
1996-01-12,80000,,,,
2002-09-26,236500,,,,
2013-12-20,840000,,,,
2005-07-29,360000,,,,
2023-02-24,850000,,,,
2006-06-02,402000,,,,
2002-06-21,320000,,,,
2003-11-28,248000,,,,
1999-05-12,130000,,,,
2010-04-23,499950,,,,
2005-12-09,325500,,,,
1998-05-29,145000,,,,
1996-08-01,134000,,,,
2007-10-26,535000,,,,
2002-03-08,270000,,,,
2000-12-11,200000,,,,
1996-02-27,95500,,,,
2004-10-27,337500,,,,
1999-10-29,196000,,,,
1997-03-20,115000,,,,
2015-09-25,1400000,,,,
2010-03-22,780000,,,,
2002-04-12,185000,,,,
2001-04-03,137000,,,,
2000-09-04,357500,,,,
2000-04-19,422000,,,,
2024-02-12,975000,,,,
2006-12-14,471000,,,,
1998-04-24,75000,,,,
1999-04-19,220000,,,,
2020-02-12,525000,,,,
1995-10-31,100000,,,,
2014-09-29,1100000,,,,
1995-02-14,120000,,,,
2021-06-25,1600000,,,,
2010-11-16,925000,,,,
2024-03-13,1100000,,,,
1996-11-18,116500,,,,
2007-11-02,620000,,,,
1998-08-17,168000,,,,
2015-09-14,875000,,,,
2005-12-22,315000,,,,
2004-09-24,235000,,,,
1995-07-31,96000,,,,
2020-12-14,910000,,,,
2005-09-26,415000,,,,
2000-01-28,250000,,,,
1998-07-16,176500,,,,
1997-11-14,168000,,,,
2009-12-14,320000,,,,
1999-08-19,111750,,,,
1997-12-10,87500,,,,
2018-10-26,570000,,,,
2010-02-26,320000,,,,
2004-05-28,225000,,,,
2001-05-30,153000,,,,
2010-01-29,950000,,,,
2021-09-24,515000,,,,
2018-12-14,515000,,,,
2012-09-28,385000,,,,
2004-04-30,200000,,,,
2002-09-16,195000,,,,
2019-08-28,840000,,,,
2010-11-05,550000,,,,
2007-09-26,595000,,,,
2000-10-06,232000,,,,
1999-04-14,165000,,,,
1996-09-05,202000,,,,
2019-04-15,935000,,,,
2013-08-13,755000,,,,
2007-01-05,450000,,,,
2005-03-15,620000,,,,
2020-12-11,485000,,,,
2002-04-15,176000,,,,
2021-10-26,710000,,,,
2005-09-09,307500,,,,
2003-07-25,249000,,,,
2014-01-10,815000,,,,
2004-06-25,329000,,,,
2013-05-31,385000,,,,
2004-07-30,193000,,,,
2012-06-22,310000,,,,
1996-06-19,54500,,,,
2022-11-14,1650000,,,,
2004-02-04,499550,,,,
1998-02-27,230000,,,,
2020-02-07,525000,,,,
2020-02-07,550000,,,,
2019-05-15,525000,,,,
2016-12-02,892000,,,,
2007-08-13,590000,,,,
2006-01-09,365000,,,,
1996-04-19,115000,,,,
1998-08-07,78000,,,,
2014-09-03,750000,,,,
2000-10-20,232500,,,,
2015-11-05,630000,,,,
2012-10-05,412500,,,,
2003-09-25,200000,,,,
2002-03-08,187000,,,,
2019-02-11,447500,,,,
2014-08-29,1860000,,,,
2003-12-19,585000,,,,
2013-09-13,745000,,,,
2007-09-07,620000,,,,
2002-12-16,300000,,,,
1997-09-25,167000,,,,
2007-04-10,585000,,,,
2010-06-08,625000,,,,
2002-05-29,330660,,,,
2017-03-15,835000,,,,
2006-01-17,365000,,,,
2018-02-21,1500000,,,,
2007-04-05,405001,,,,
2003-12-19,249500,,,,
2000-01-24,178000,,,,
1998-04-30,117000,,,,
2005-05-12,231000,,,,
1996-04-19,68000,,,,
2001-04-06,154500,,,,
2004-11-22,451000,,,,
1996-06-17,62500,,,,
2019-08-23,940000,,,,
1996-01-19,119500,,,,
2006-04-10,245000,,,,
2017-01-25,2075000,,,,
2017-11-14,535000,,,,
2011-09-16,333000,,,,
2001-08-14,165000,,,,
1996-07-12,65500,,,,
2022-10-11,770000,,,,
2004-03-26,310000,,,,
1998-09-02,140000,,,,
2004-01-22,535000,,,,
2015-08-07,1550000,,,,
2013-02-14,550000,,,,
2004-09-28,355000,,,,
1999-05-03,193000,,,,
1997-10-31,146000,,,,
2007-09-21,600000,,,,
1999-07-02,100000,,,,
1995-01-31,105000,,,,
2010-08-27,460000,,,,
2002-12-18,275000,,,,
1996-07-08,152000,,,,
2003-06-05,175000,,,,
2000-12-11,235000,,,,
1997-09-25,130000,,,,
2020-09-03,635000,,,,
2017-12-20,750000,,,,
2010-07-16,450000,,,,
2005-05-27,495000,,,,
2002-11-22,595000,,,,
2003-05-09,195000,,,,
1999-08-16,102000,,,,
1996-11-01,115000,,,,
2020-03-16,1035000,,,,
2003-10-21,320000,,,,
2012-02-03,678888,,,,
2019-12-18,815000,,,,
1998-02-13,170000,,,,
1998-05-28,167500,,,,
2016-03-24,575000,,,,
2010-07-26,338000,,,,
1997-07-23,235000,,,,
2020-03-03,895000,,,,
2015-10-20,875000,,,,
2009-10-23,495000,,,,
2000-07-25,235000,,,,
1997-12-31,163000,,,,
1997-11-10,155000,,,,
2015-02-23,775000,,,,
1995-10-20,97000,,,,
2005-07-22,520000,,,,
1999-11-12,305001,,,,
2020-10-26,700000,,,,
1998-08-04,199500,,,,
1996-09-23,125000,,,,
2014-01-16,425000,,,,
2002-03-15,180000,,,,
1996-07-31,66500,,,,
2004-09-24,360000,,,,
1996-09-27,125000,,,,
1996-08-16,96000,,,,
2011-05-16,840000,,,,
1996-01-12,135000,,,,
2022-04-01,725000,,,,
2005-07-08,285000,,,,
2005-11-01,323000,,,,
2000-02-29,620000,,,,
2008-08-21,492000,,,,
1997-07-25,157500,,,,
2017-08-18,920000,,,,
2010-06-30,560000,,,,
2006-07-05,399000,,,,
2011-09-29,510000,,,,
2009-11-17,369000,,,,
2009-07-01,385000,,,,
1996-12-02,97000,,,,
1996-01-29,90000,,,,
2006-08-09,415000,,,,
1995-08-01,98000,,,,
2021-02-11,945000,,,,
2013-10-18,815000,,,,
2022-05-06,1000000,,,,
2018-08-29,940000,,,,
2014-11-14,920000,,,,
2007-07-23,610000,,,,
2003-09-15,307000,,,,
2005-12-02,317500,,,,
1998-03-27,121680,,,,
2024-03-08,835000,,,,
2016-03-11,795000,,,,
2016-02-26,2100000,,,,
2003-08-29,635000,,,,
2013-01-18,325000,,,,
1997-02-28,70250,,,,
2020-02-06,1200000,,,,
2012-08-13,881588,,,,
2009-11-11,610000,,,,
2007-08-17,700000,,,,
2006-02-03,456000,,,,
2009-12-16,545000,,,,
2007-02-26,890000,,,,
2020-02-27,845000,,,,
2021-09-29,875000,,,,
1996-03-11,112250,,,,
1998-07-16,220000,,,,
2018-09-10,510000,,,,
2014-08-22,495000,,,,
2003-01-03,192000,,,,
1997-06-03,123000,,,,
2022-03-10,850000,,,,
2021-09-30,545000,,,,
2001-06-08,163000,,,,
2009-06-12,470000,,,,
1995-06-01,119950,,,,
2007-02-09,249995,,,,
2006-01-16,198500,,,,
1995-12-13,48500,,,,
2013-11-11,480000,,,,
2007-01-24,356000,,,,
1999-07-23,148000,,,,
1999-07-08,710000,,,,
2013-05-23,642500,,,,
2022-01-14,435000,,,,
2009-10-19,400000,,,,
2006-12-20,399950,,,,
2003-10-03,235000,,,,
2014-05-13,725000,,,,
2012-02-08,465000,,,,
1996-09-04,62750,,,,
1995-06-15,62500,,,,
2003-09-17,281000,,,,
2002-10-31,281500,,,,
2005-10-14,221500,,,,
2003-06-13,190000,,,,
1995-06-16,61000,,,,
2016-03-31,1850000,,,,
1997-03-21,185000,,,,
1999-08-04,190000,,,,
2008-04-23,460000,,,,
2015-05-20,700000,,,,
2003-05-23,249950,,,,
2024-01-05,890000,,,,
2016-01-15,825000,,,,
2005-11-18,357500,,,,
2000-04-20,196500,,,,
2024-04-22,720000,,,,
2020-11-06,665000,,,,
2000-12-11,195000,,,,
1995-03-03,86000,,,,
2021-06-28,1567500,,,,
2012-05-25,1193000,,,,
2002-08-07,374000,,,,
2000-09-22,255000,,,,
2017-03-01,470000,,,,
2014-06-12,412000,,,,
2005-05-10,169950,,,,
2006-12-21,452000,,,,
2022-08-12,525000,,,,
2002-06-13,210000,,,,
2001-08-14,145000,,,,
1995-09-29,63200,,,,
2006-06-02,401000,,,,
2001-04-12,229000,,,,
2020-02-11,475000,,,,
2005-08-08,201000,,,,
2000-02-28,123000,,,,
1998-10-15,84500,,,,
2019-03-14,855000,,,,
2009-09-11,490000,,,,
2004-08-31,347500,,,,
2016-10-20,1150000,,,,
2004-07-29,420000,,,,
1995-10-31,60000,,,,
2016-05-31,1010000,,,,
2004-11-22,372000,,,,
1995-12-08,132000,,,,
1999-06-16,210000,,,,
2018-07-20,1675000,,,,
2016-04-20,1650000,,,,
2001-10-31,230000,,,,
2004-04-30,300000,,,,
1997-02-28,120250,,,,
2006-10-10,267500,,,,
2017-02-13,925000,,,,
2012-11-08,700000,,,,
2012-04-16,350000,,,,
2003-08-07,275000,,,,
1998-12-02,162500,,,,
2014-07-10,895000,,,,
2007-06-27,565000,,,,
1995-04-22,105000,,,,
2001-11-02,131000,,,,
1995-12-20,44257,,,,
2005-07-25,620000,,,,
1998-01-08,250000,,,,
2012-09-24,595000,,,,
2007-02-23,405000,,,,
1999-09-01,340000,,,,
2019-05-28,795000,,,,
1999-04-01,150000,,,,
1999-08-16,330000,,,,
2022-04-06,1620000,,,,
2006-10-16,745000,,,,
2003-11-21,550000,,,,
1998-09-29,250000,,,,
2004-09-23,210000,,,,
1999-10-25,101000,,,,
2012-04-24,350000,,,,
2005-08-22,213000,,,,
2003-03-14,182000,,,,
1996-10-18,60000,,,,
2023-08-08,885000,,,,
1996-11-15,92000,,,,
2014-01-31,519085,,,,
2005-01-21,275000,,,,
2013-05-23,1389000,,,,
1998-10-28,285000,,,,
2006-07-24,691000,,,,
1998-10-07,270000,,,,
1997-03-19,227500,,,,
2015-02-20,550000,,,,
2004-11-26,315000,,,,
2004-10-01,460000,,,,
2001-10-31,330000,,,,
1999-07-29,302000,,,,
2024-01-12,795000,,,,
2017-12-21,770000,,,,
2016-03-30,1850000,,,,
2005-09-05,570000,,,,
1997-10-24,205000,,,,
2015-08-11,740000,,,,
1997-03-11,92000,,,,
1995-11-28,92000,,,,
2012-07-13,485000,,,,
2016-03-31,900000,,,,
2003-04-08,305000,,,,
2023-06-01,515000,,,,
2017-01-20,490000,,,,
2002-08-14,280000,,,,
2014-04-24,700000,,,,
2003-12-09,244500,,,,
2021-01-29,1065000,,,,
2017-10-18,950000,,,,
1995-08-01,135000,,,,
2013-05-30,363000,,,,
1995-07-12,61000,,,,
2007-09-20,445000,,,,
2005-11-01,315000,,,,
2003-02-19,285000,,,,
2016-02-05,1005000,,,,
2023-03-17,535000,,,,
2003-10-20,480000,,,,
2017-11-17,850000,,,,
1995-06-23,125000,,,,
2002-04-15,180000,,,,
1998-09-16,90000,,,,
2002-12-20,322000,,,,
1998-06-24,150000,,,,
2009-04-01,480000,,,,
1999-08-27,215000,,,,
2015-06-18,995000,,,,
2011-09-29,635000,,,,
2018-10-18,995000,,,,
1995-02-22,110000,,,,
2010-09-29,321500,,,,
2006-12-21,272500,,,,
1997-09-05,87750,,,,
1997-08-01,75000,,,,
2013-02-07,376000,,,,
2016-02-01,1899500,,,,
2007-05-11,928000,,,,
2023-05-18,1550000,,,,
2017-08-23,1475000,,,,
2005-11-15,512500,,,,
2000-04-20,295000,,,,
1996-08-22,110000,,,,
2018-04-20,950000,,,,
2009-07-31,540000,,,,
2006-03-02,380000,,,,
2003-11-04,290000,,,,
2014-10-13,825000,,,,
1996-12-02,115000,,,,
2003-09-08,185000,,,,
1997-05-01,92500,,,,
2021-02-05,485000,,,,
2007-04-13,310000,,,,
2002-10-29,202000,,,,
1999-03-25,94000,,,,
2021-11-09,805000,,,,
2006-03-31,365000,,,,
2014-12-08,520000,,,,
2013-09-18,588750,,,,
2009-07-23,400000,,,,
1996-07-08,83000,,,,
2006-06-19,415000,,,,
1996-05-31,116000,,,,
2003-08-29,247000,,,,
2000-02-24,104000,,,,
2020-04-08,2000000,,,,
2023-10-16,1080000,,,,
2000-02-17,205000,,,,
2011-06-06,350000,,,,
1997-09-26,95000,,,,
2001-06-21,365000,,,,
1999-03-03,230000,,,,
1998-05-08,185000,,,,
2001-09-28,258000,,,,
2018-11-27,997000,,,,
2024-07-31,1025000,,,,
2001-02-15,237500,,,,
1995-09-01,117500,,,,
1996-06-10,134000,,,,
2018-09-26,460000,,,,
2011-03-08,236000,,,,
2004-10-07,185000,,,,
1997-03-14,65000,,,,
1995-10-20,55000,,,,
1999-08-13,190000,,,,
2016-02-02,845000,,,,
2022-07-01,730000,,,,
1998-05-08,135000,,,,
2007-10-19,288000,,,,
2003-12-19,165000,,,,
1999-11-22,95000,,,,
1998-09-14,74000,,,,
2007-04-12,310000,,,,
2004-09-20,215000,,,,
2002-09-13,299950,,,,
2007-10-19,585000,,,,
1996-05-30,105000,,,,
2000-10-31,87000,,,,
2017-07-26,835000,,,,
2010-04-07,500000,,,,
2004-08-26,355000,,,,
2017-06-20,920000,,,,
2012-11-02,696000,,,,
2004-12-03,240000,,,,
1998-12-23,222500,,,,
2010-11-29,635000,,,,
2000-03-17,250000,,,,
2002-04-29,185000,,,,
2000-03-24,126500,,,,
2002-04-19,220000,,,,
2015-09-14,425000,,,,
2008-01-21,270000,,,,
2001-08-24,415000,,,,
1995-12-29,137500,,,,
1997-03-25,110000,,,,
1998-05-26,136000,,,,
1998-03-31,140000,,,,
1998-09-30,366000,,,,
2020-07-28,45000,,,,
1999-10-22,185000,,,,
1997-03-26,125000,,,,
2017-06-09,825000,,,,
2014-06-25,790000,,,,
2024-07-12,550000,,,,
2012-05-24,375000,,,,
1999-07-07,95000,,,,
2021-09-27,518000,,,,
2009-08-14,312500,,,,
2002-03-14,185000,,,,
1995-10-13,70000,,,,
2003-02-17,475000,,,,
2003-02-28,320000,,,,
1999-01-15,155000,,,,
1996-01-19,195000,,,,
2000-06-28,134000,,,,
2006-04-19,315000,,,,
1998-12-14,129000,,,,
2000-12-08,445000,,,,
2008-08-19,317000,,,,
2003-02-14,580000,,,,
2010-02-09,490000,,,,
2015-10-02,1075000,,,,
2011-04-07,650000,,,,
2022-07-06,475000,,,,
2014-01-30,720000,,,,
2010-10-26,470000,,,,
2005-07-21,300700,,,,
1997-02-21,114000,,,,
2015-10-23,740000,,,,
2006-06-09,307500,,,,
1996-11-01,90000,,,,
1998-10-06,91000,,,,
1996-05-21,65000,,,,
1997-06-20,62000,,,,
1996-05-10,55500,,,,
2023-04-05,865000,,,,
2004-12-09,315000,,,,
1999-07-27,165000,,,,
2018-10-03,1300000,,,,
2009-09-01,680000,,,,
2000-05-30,203000,,,,
2021-06-07,1550000,,,,
1999-09-30,375000,,,,
1995-06-26,185000,,,,
2014-04-25,1560001,,,,
1995-06-27,137500,,,,
2023-12-08,910000,,,,
2002-12-12,290750,,,,
1996-08-02,118000,,,,
2003-04-30,168000,,,,
1995-04-18,55000,,,,
1995-07-06,140000,,,,
1998-03-31,145000,,,,
2003-04-28,590000,,,,
1998-09-11,325000,,,,
2013-10-18,850000,,,,
2010-06-25,260000,,,,
1998-01-09,75000,,,,
2013-05-22,601500,,,,
2000-07-06,278000,,,,
1995-12-14,112500,,,,
2006-01-06,484500,,,,
1998-08-27,220000,,,,
2015-08-10,450000,,,,
2006-05-15,225000,,,,
2003-07-25,175000,,,,
2011-05-20,250000,,,,
2006-05-17,181000,,,,
1999-08-02,77000,,,,
1995-01-19,56500,,,,
2015-09-14,525000,,,,
2001-07-25,147500,,,,
2022-10-28,530000,,,,
1997-04-30,96000,,,,
2002-07-10,550000,,,,
2014-06-12,870000,,,,
2004-08-11,385000,,,,
2013-10-24,690000,,,,
2001-10-19,270000,,,,
1995-06-14,74000,,,,
2004-07-16,650000,,,,
2000-06-12,227000,,,,
2003-07-18,190000,,,,
2001-04-30,150500,,,,
2005-11-14,205000,,,,
2022-04-14,525000,,,,
2013-02-01,420000,,,,
2010-08-27,325000,,,,
2003-03-28,195000,,,,
2002-08-05,480000,,,,
2001-09-07,460000,,,,
2006-04-26,650000,,,,
2004-06-24,520000,,,,
1997-05-16,223000,,,,
2023-12-01,410000,,,,
2006-06-26,190000,,,,
1995-08-04,52500,,,,
2016-04-29,440000,,,,
2002-09-23,170000,,,,
2000-07-28,115000,,,,
2012-11-02,875000,,,,
1999-07-01,210000,,,,
2006-04-24,330000,,,,
2003-12-17,249999,,,,
1997-02-28,107500,,,,
2000-02-04,178000,,,,
1998-07-31,185000,,,,
2016-03-31,450000,,,,
2012-01-30,295000,,,,
1996-04-04,57500,,,,
2002-07-01,295000,,,,
1999-02-05,161000,,,,
2021-06-04,712500,,,,
1999-07-26,135500,,,,
1999-08-12,200000,,,,
1997-09-24,155000,,,,
2022-05-06,965000,,,,
1996-10-02,133650,,,,
2005-07-01,500000,,,,
2002-06-24,477000,,,,
1995-07-21,172500,,,,
2014-06-19,715000,,,,
2012-07-27,485000,,,,
2002-09-27,260000,,,,
1999-09-11,140000,,,,
1999-04-11,108000,,,,
2023-07-28,890000,,,,
2016-02-12,925000,,,,
2009-07-22,517000,,,,
2005-05-27,345000,,,,
1999-11-09,220000,,,,
2020-05-06,780000,,,,
2015-01-27,730000,,,,
2002-09-10,265000,,,,
2001-05-30,120000,,,,
2016-03-24,2250000,,,,
2002-11-27,595000,,,,
1999-02-26,104000,,,,
2012-06-27,690000,,,,
2007-12-07,483333,,,,
2023-04-05,2100000,,,,
2005-08-31,624000,,,,
1995-09-01,178000,,,,
2011-05-25,755000,,,,
1997-03-07,165000,,,,
2013-07-26,728258,,,,
2010-05-05,475000,,,,
2002-10-24,277000,,,,
1999-07-27,171000,,,,
2019-05-01,685000,,,,
1997-04-25,120000,,,,
1999-06-07,57000,,,,
2012-06-07,281100,,,,
2011-04-19,625000,,,,
2001-04-03,279500,,,,
2015-08-28,985163,,,,
1999-06-15,282000,,,,
2022-08-31,825000,,,,
2015-07-01,815000,,,,
2010-04-23,465000,,,,
2024-11-08,790000,,,,
1997-02-14,97500,,,,
1997-04-24,224500,,,,
2015-07-14,500000,,,,
2001-11-23,175000,,,,
1995-09-04,66000,,,,
2004-08-12,325000,,,,
1998-02-26,192000,,,,
2004-02-16,280000,,,,
2017-09-15,520000,,,,
2002-06-24,190000,,,,
1997-03-14,70000,,,,
1999-03-26,162500,,,,
1997-03-20,125000,,,,
1998-09-10,151000,,,,
2018-01-12,750000,,,,
2005-10-06,310000,,,,
1997-06-30,127500,,,,
2006-04-04,388000,,,,
1999-08-13,113500,,,,
2000-05-10,225000,,,,
1996-03-19,92500,,,,
2003-04-04,270000,,,,
2000-03-27,220000,,,,
1995-05-05,101000,,,,
2000-04-25,245000,,,,
2007-02-26,490000,,,,
2009-06-08,685000,,,,
2021-07-16,1140000,,,,
2017-06-06,935000,,,,
1998-12-04,178000,,,,
2006-01-13,325000,,,,
1997-03-25,130000,,,,
1995-05-22,105000,,,,
1999-01-04,197500,,,,
2015-02-27,520000,,,,
2000-12-21,157000,,,,
1999-01-15,220000,,,,
2008-05-23,572500,,,,
2019-04-05,495000,,,,
2012-07-19,350000,,,,
1999-11-03,109500,,,,
2001-10-26,180000,,,,
1995-04-05,60000,,,,
2001-12-20,292500,,,,
1996-12-13,113500,,,,
2019-04-29,575000,,,,
2016-10-31,535000,,,,
2008-09-18,572000,,,,
2002-02-08,242000,,,,
1999-01-26,140000,,,,
2003-06-19,450000,,,,
2023-11-24,1331999,,,,
2022-08-12,1390000,,,,
2018-12-10,1090000,,,,
2018-04-30,1925000,,,,
1996-08-07,113000,,,,
2016-11-03,835000,,,,
2017-09-29,1250000,,,,
2002-07-05,475000,,,,
2022-08-01,1400000,,,,
2001-08-28,179950,,,,
1996-10-24,74000,,,,
2020-02-05,1055000,,,,
2011-11-04,250000,,,,
1996-10-07,52000,,,,
2019-02-08,800000,,,,
2010-04-30,550000,,,,
1996-12-11,104000,,,,
2017-08-18,950000,,,,
1998-08-27,152000,,,,
2013-02-22,302000,,,,
1995-06-01,180000,,,,
2001-08-30,162000,,,,
2021-12-15,820000,,,,
2007-07-19,560000,,,,
1997-11-28,145000,,,,
1996-07-17,185000,,,,
2010-01-25,580000,,,,
2001-04-03,240000,,,,
1998-11-24,169500,,,,
2023-10-25,950000,,,,
1996-03-29,103550,,,,
2005-06-03,350000,,,,
2023-08-31,515000,,,,
2005-09-09,249000,,,,
2015-06-01,930000,,,,
2004-05-26,336000,,,,
2002-12-12,311500,,,,
2001-11-02,296000,,,,
2007-01-25,430000,,,,
2003-11-17,299950,,,,
1996-10-24,104500,,,,
2000-01-14,245000,,,,
2004-02-17,370000,,,,
2000-12-11,270000,,,,
2014-12-19,995000,,,,
2011-09-16,750000,,,,
2004-09-30,356473,,,,
2006-11-08,425000,,,,
2003-04-01,300000,,,,
1997-12-23,132000,,,,
2018-07-12,2000000,,,,
2021-06-25,505000,,,,
2010-12-10,335000,,,,
2006-03-03,247500,,,,
1995-03-20,73000,,,,
1998-10-16,138000,,,,
2000-05-19,145000,,,,
2023-05-31,1180000,,,,
2019-07-26,1050000,,,,
2003-05-01,330000,,,,
2017-08-22,855000,,,,
2003-12-19,290000,,,,
2000-07-03,232000,,,,
2018-03-09,497500,,,,
2005-08-03,210645,,,,
2000-12-22,203000,,,,
1999-01-21,155000,,,,
2014-10-10,565000,,,,
2009-07-20,315000,,,,
1999-12-10,117000,,,,
2016-01-25,915000,,,,
2011-11-04,590000,,,,
2005-03-17,380000,,,,
1998-03-16,175000,,,,
1996-12-04,120000,,,,
2003-06-23,337500,,,,
1995-05-01,112500,,,,
2020-03-23,937960,,,,
2002-01-23,181000,,,,
1997-09-05,76500,,,,
2018-09-28,417000,,,,
1999-05-21,80000,,,,
2023-08-31,750000,,,,
2009-02-20,370000,,,,
2004-10-01,297500,,,,
1999-07-13,149000,,,,
1996-11-22,90000,,,,
2019-07-26,500000,,,,
2015-05-01,525000,,,,
2007-07-27,322000,,,,
1996-09-09,59930,,,,
2007-08-14,995000,,,,
2000-08-31,500000,,,,
2007-01-26,210000,,,,
2014-10-24,770000,,,,
2011-08-09,460000,,,,
2002-07-01,235000,,,,
1998-10-30,92000,,,,
1998-09-18,275000,,,,
2007-04-20,475000,,,,
2017-08-11,955000,,,,
2003-08-01,330000,,,,
2021-06-25,1275000,,,,
1998-08-06,262000,,,,
2023-08-09,2000000,,,,
2002-06-07,537500,,,,
2021-09-10,1875000,,,,
2013-08-30,1275000,,,,
2011-12-21,1100000,,,,
2002-06-21,540000,,,,
1996-01-31,162500,,,,
1999-01-11,93500,,,,
2017-09-20,1950000,,,,
2005-11-25,635000,,,,
2004-09-23,590000,,,,
1998-04-06,210000,,,,
2015-11-27,999000,,,,
2011-08-25,675000,,,,
2020-03-20,795000,,,,
1995-11-03,129000,,,,
1995-01-13,16500,,,,
2011-08-19,340000,,,,
2007-05-11,340000,,,,
2003-02-14,190000,,,,
2021-03-31,800000,,,,
2010-05-27,465000,,,,
2000-07-05,220000,,,,
1997-07-11,146000,,,,
2014-06-23,895000,,,,
2004-05-28,340000,,,,
1999-07-05,237500,,,,
2010-03-26,325000,,,,
2005-12-16,166600,,,,
1997-08-01,80000,,,,
1997-06-23,63000,,,,
1996-10-15,54000,,,,
2019-06-21,840000,,,,
2011-11-03,600000,,,,
2024-06-20,730000,,,,
2011-03-31,438000,,,,
2001-10-10,217000,,,,
1999-06-11,120000,,,,
2012-07-16,620000,,,,
2004-04-06,348000,,,,
1998-04-17,173000,,,,
1998-01-16,105000,,,,
2022-03-25,475000,,,,
2007-06-15,308000,,,,
2002-08-30,190000,,,,
1995-12-15,62000,,,,
2024-01-22,955000,,,,
2003-06-26,270000,,,,
1998-06-11,146500,,,,
2007-04-26,479950,,,,
2005-05-26,320000,,,,
1998-04-29,147500,,,,
1995-01-31,90000,,,,
2001-03-22,508000,,,,
1999-05-14,175000,,,,
2005-04-28,320000,,,,
1997-03-12,118500,,,,
2011-01-25,549950,,,,
2021-06-18,790000,,,,
2016-04-13,840000,,,,
2005-09-28,375000,,,,
1997-04-04,130000,,,,
1998-12-18,250000,,,,
1995-09-14,172000,,,,
2007-10-31,438000,,,,
2011-08-22,577500,,,,
2007-12-21,530000,,,,
2019-01-09,845000,,,,
2006-08-11,460000,,,,
2009-08-24,550000,,,,
1999-04-16,178000,,,,
2022-05-12,498500,,,,
2009-05-29,295000,,,,
2008-06-11,315000,,,,
1998-06-01,90000,,,,
2015-10-02,1450000,,,,
1997-11-05,250000,,,,
2007-11-22,303437,,,,
2002-09-20,220000,,,,
2001-05-16,140000,,,,
2011-09-16,550000,,,,
2007-06-18,470000,,,,
2003-12-18,275000,,,,
2005-04-29,349950,,,,
1995-11-02,100000,,,,
2015-03-30,887500,,,,
2001-06-25,285500,,,,
2001-03-30,245000,,,,
1995-11-27,106500,,,,
2023-04-03,800000,,,,
2022-05-31,720000,,,,
2009-08-26,423000,,,,
1997-01-24,110000,,,,
2023-06-22,1000000,,,,
2006-03-28,390000,,,,
2002-10-31,300000,,,,
2000-11-24,197240,,,,
2021-05-24,1860000,,,,
2021-03-12,1670000,,,,
2011-06-23,999000,,,,
1999-12-15,210000,,,,
2010-08-20,900000,,,,
1997-12-12,75000,,,,
2024-09-20,1428000,,,,
2009-04-24,710000,,,,
2021-03-17,825000,,,,
2007-01-31,490000,,,,
2004-07-21,344000,,,,
1999-04-23,165000,,,,
1996-11-22,105000,,,,
2015-06-04,775000,,,,
1996-12-03,110000,,,,
1996-10-15,90000,,,,
2019-06-06,974000,,,,
1999-07-29,170000,,,,
1996-05-21,100000,,,,
2003-01-28,193000,,,,
1999-04-16,95000,,,,
2007-04-03,480000,,,,
1998-05-01,160000,,,,
2001-08-14,220500,,,,
2000-03-10,185000,,,,
1998-12-18,127000,,,,
1997-11-07,115000,,,,
2015-01-08,890000,,,,
2009-07-31,540000,,,,
2002-05-17,265000,,,,
2009-07-31,395000,,,,
2005-09-16,295000,,,,
1995-01-19,87500,,,,
2006-07-03,345000,,,,
1998-04-30,230000,,,,
2008-07-04,900000,,,,
1996-11-08,166000,,,,
2010-02-05,200000,,,,
2011-06-03,685000,,,,
2001-02-20,310000,,,,
1996-08-08,110000,,,,
2005-08-31,385000,,,,
1997-03-27,139500,,,,
2009-12-14,1175000,,,,
2004-05-28,660000,,,,
2001-11-28,260000,,,,
1996-12-04,110000,,,,
2020-07-24,505000,,,,
2003-11-07,183000,,,,
1998-01-23,89500,,,,
1999-06-04,152000,,,,
2008-06-09,355000,,,,
2000-06-02,160000,,,,
2021-05-25,1650000,,,,
2003-08-15,540000,,,,
2001-01-17,440000,,,,
2018-01-19,950000,,,,
2004-11-05,360000,,,,
2001-12-17,295000,,,,
1999-09-10,220000,,,,
2006-01-24,225000,,,,
1999-05-07,87500,,,,
2015-06-26,805000,,,,
2012-07-31,530000,,,,
2005-06-01,310000,,,,
2007-08-24,585000,,,,
2006-02-28,355000,,,,
2000-03-23,240000,,,,
1999-09-08,177500,,,,
2009-09-28,470000,,,,
2004-06-17,329000,,,,
1999-06-10,230000,,,,
2022-10-19,995000,,,,
2019-07-12,430000,,,,
2011-09-01,335000,,,,
2008-03-10,285000,,,,
1998-09-29,77500,,,,
1996-05-31,54000,,,,
1995-06-19,53000,,,,
2020-03-25,485000,,,,
2001-10-29,169000,,,,
1995-10-12,64000,,,,
2016-06-03,1850000,,,,
2008-12-18,250000,,,,
2015-07-10,842000,,,,
2006-04-28,395000,,,,
2001-10-29,260000,,,,
2024-06-28,865000,,,,
2002-09-05,368000,,,,
1995-07-05,107000,,,,
2002-11-08,320000,,,,
2003-09-25,282000,,,,
1998-12-11,165000,,,,
2012-07-17,941000,,,,
2009-08-28,735000,,,,
2022-07-07,850000,,,,
2006-07-03,499950,,,,
2003-10-14,346000,,,,
1996-09-13,105000,,,,
1999-10-13,172500,,,,
2004-11-19,380000,,,,
2011-09-01,720000,,,,
2005-04-21,480000,,,,
1997-06-24,135000,,,,
2018-09-14,695000,,,,
1999-05-19,320000,,,,
2010-12-10,467500,,,,
1999-06-28,130000,,,,
2023-05-25,1768885,,,,
2019-12-20,1700000,,,,
2022-05-31,535000,,,,
2021-06-01,525000,,,,
2000-08-18,140000,,,,
1998-12-11,103000,,,,
1999-12-13,190000,,,,
2011-07-15,446500,,,,
1996-05-24,65000,,,,
2004-04-29,310000,,,,
1999-08-26,165000,,,,
1997-05-06,120000,,,,
1995-02-16,99500,,,,
2006-01-12,610000,,,,
1999-11-05,230000,,,,
1995-05-10,105000,,,,
2002-09-20,285000,,,,
2000-06-12,200000,,,,
2018-07-13,1803000,,,,
2009-10-30,835000,,,,
2015-09-15,425000,,,,
2001-12-11,260100,,,,
2013-10-31,950000,,,,
2016-11-18,550000,,,,
2022-01-31,740000,,,,
2016-07-21,1520000,,,,
2015-03-12,1085000,,,,
2007-11-01,590000,,,,
2006-09-28,380000,,,,
1996-05-31,81000,,,,
2022-11-14,775000,,,,
2013-03-14,572500,,,,
1996-08-20,135000,,,,
1997-06-20,117500,,,,
1998-01-09,140000,,,,
2018-04-27,500000,,,,
2006-05-19,570000,,,,
1998-12-11,232500,,,,
2002-10-02,285000,,,,
2005-04-01,330000,,,,
2022-07-20,835000,,,,
2012-04-27,535516,,,,
2021-11-26,790000,,,,
2014-03-05,800000,,,,
2005-07-21,320000,,,,
2001-05-15,240000,,,,
2003-04-28,249500,,,,
2006-03-16,300000,,,,
2003-11-21,247500,,,,
2001-08-16,225000,,,,
2015-06-19,885000,,,,
2016-07-25,775000,,,,
1997-12-22,125000,,,,
2003-04-01,250000,,,,
2001-10-23,230000,,,,
1996-04-04,84500,,,,
2020-11-26,1600000,,,,
2006-03-31,640000,,,,
2002-12-19,555000,,,,
1999-08-11,340000,,,,
2017-07-24,1510000,,,,
1998-08-26,270000,,,,
1996-06-18,177500,,,,
2024-05-30,865000,,,,
2012-02-24,981500,,,,
1999-01-06,243600,,,,
1997-07-02,79500,,,,
2020-05-29,975000,,,,
2016-06-03,965000,,,,
2001-11-16,293000,,,,
1998-06-26,165000,,,,
2010-02-26,250000,,,,
2005-08-18,179000,,,,
2003-06-06,160000,,,,
1997-03-12,58000,,,,
2012-06-15,525000,,,,
2014-07-23,762260,,,,
2005-11-25,320000,,,,
2002-08-30,250000,,,,
2001-08-30,170000,,,,
1999-12-17,417000,,,,
2022-03-03,900000,,,,
2001-02-18,180000,,,,
2003-07-23,331000,,,,
2012-06-29,800000,,,,
1998-02-06,122500,,,,
2021-01-29,910000,,,,
2017-09-04,865000,,,,
2021-11-11,925000,,,,
1999-04-30,91000,,,,
2000-03-31,455000,,,,
2006-08-04,247500,,,,
1999-10-08,125000,,,,
2002-04-08,313000,,,,
1998-01-23,150000,,,,
1997-06-23,130000,,,,
2009-05-06,265000,,,,
2011-01-26,391000,,,,
2003-06-12,249950,,,,
2000-12-22,400000,,,,
2013-05-01,325000,,,,
2008-11-14,555000,,,,
2005-04-25,349500,,,,
2001-06-22,260000,,,,
1999-08-16,186100,,,,
1998-03-20,136000,,,,
2011-05-27,330000,,,,
2003-02-19,437000,,,,
2000-10-06,330000,,,,
2008-08-28,545000,,,,
1998-10-28,175000,,,,
1995-01-13,115000,,,,
2007-09-28,310000,,,,
2024-10-28,430000,,,,
1996-09-30,59800,,,,
2021-06-04,795000,,,,
2012-04-24,540000,,,,
1997-11-03,255000,,,,
2006-03-31,235000,,,,
1999-01-08,92000,,,,
2001-04-26,230000,,,,
2008-05-22,310000,,,,
2018-04-19,900000,,,,
1998-06-22,159000,,,,
1995-01-30,112000,,,,
1999-12-09,290000,,,,
1999-05-11,220000,,,,
1999-12-09,150000,,,,
2005-01-27,230000,,,,
2014-01-24,375000,,,,
2006-11-24,799800,,,,
2001-12-19,521000,,,,
1997-10-15,247000,,,,
1999-11-01,189000,,,,
2015-04-27,680000,,,,
1997-01-03,91500,,,,
2019-05-30,1430000,,,,
2017-07-31,835000,,,,
2011-11-14,545000,,,,
2007-08-23,425000,,,,
1996-04-09,88000,,,,
2008-04-30,840000,,,,
2006-03-17,390000,,,,
2004-05-27,295000,,,,
1998-01-21,162000,,,,
2017-02-17,960000,,,,
2000-09-22,305000,,,,
2004-05-27,500000,,,,
2017-07-31,1050000,,,,
2006-03-16,445000,,,,
2002-11-08,360000,,,,
2023-06-30,875000,,,,
1999-06-21,86000,,,,
2020-11-30,645000,,,,
2011-04-28,485000,,,,
1998-05-22,135000,,,,
2022-11-04,1005000,,,,
2017-06-08,895000,,,,
1996-12-13,108000,,,,
2006-04-24,615000,,,,
2001-09-27,420000,,,,
1999-07-13,255000,,,,
2023-08-25,950000,,,,
2011-08-05,525000,,,,
2023-02-17,1625000,,,,
2003-11-28,250000,,,,
1996-01-26,93200,,,,
2005-11-17,615000,,,,
2000-04-13,272000,,,,
2011-09-30,920000,,,,
1997-12-22,155000,,,,
2001-08-24,185000,,,,
2000-06-19,130000,,,,
2022-02-28,945000,,,,
2021-06-07,845000,,,,
2016-08-31,831400,,,,
2010-12-17,499000,,,,
1997-03-03,97500,,,,
1998-07-01,148000,,,,
2003-11-14,300000,,,,
1996-12-11,112500,,,,
1996-11-15,65000,,,,
2004-07-02,308000,,,,
1999-04-01,138000,,,,
2013-09-12,1495000,,,,
2005-03-22,580000,,,,
1998-08-12,265000,,,,
2020-07-28,800000,,,,
2015-04-17,779995,,,,
2007-10-26,544000,,,,
2007-03-01,442021,,,,
2001-11-21,250000,,,,
1998-01-29,137000,,,,
1999-09-28,260000,,,,
1996-05-03,138000,,,,
2004-03-17,621000,,,,
2018-12-20,965000,,,,
2006-10-31,215000,,,,
2001-04-30,140000,,,,
2020-08-11,817000,,,,
1996-11-13,107500,,,,
2007-07-17,495000,,,,
2001-07-12,205000,,,,
2017-07-28,765000,,,,
2013-07-12,542000,,,,
2005-03-31,360000,,,,
2013-03-07,735000,,,,
2009-01-19,499500,,,,
2005-06-20,345000,,,,
2023-05-18,1500000,,,,
2019-09-20,550000,,,,
2015-02-13,500000,,,,
2006-02-13,220000,,,,
1999-12-15,120000,,,,
2021-06-25,455000,,,,
2010-12-17,312000,,,,
2008-10-31,305000,,,,
2000-12-20,135000,,,,
1997-07-25,80500,,,,
2004-10-26,212000,,,,
1997-12-12,90000,,,,
2005-08-01,345000,,,,
2003-09-12,255000,,,,
2003-12-18,365000,,,,
2021-06-28,780000,,,,
1998-08-05,160000,,,,
1998-04-07,159000,,,,
1997-01-24,118000,,,,
2017-07-14,1010000,,,,
2009-08-28,455000,,,,
1999-05-24,300000,,,,
1995-12-20,150000,,,,
2019-11-21,745000,,,,
1998-03-02,72500,,,,
1998-08-14,190000,,,,
1996-01-19,130000,,,,
2017-01-09,1725000,,,,
1996-10-31,185000,,,,
2018-07-12,755000,,,,
2004-08-23,325000,,,,
2007-09-07,690000,,,,
2006-04-18,485000,,,,
1996-12-16,115000,,,,
2006-08-01,1800000,,,,
2001-04-24,1500000,,,,
1998-10-23,720000,,,,
1995-07-31,450000,,,,
2008-10-10,405000,,,,
2002-05-02,237500,,,,
1997-02-07,103000,,,,
2002-03-15,270000,,,,
2007-05-04,482500,,,,
2003-06-26,297000,,,,
1997-03-12,125000,,,,
2024-05-13,980000,,,,
2012-09-28,650000,,,,
2016-11-15,515000,,,,
2005-04-29,240000,,,,
1998-05-01,103000,,,,
2010-10-01,530000,,,,
2000-10-02,250000,,,,
2012-04-19,635000,,,,
2015-07-31,840000,,,,
2002-01-31,250000,,,,
2019-09-19,900000,,,,
2001-08-31,289250,,,,
2002-01-15,246500,,,,
2009-10-02,560000,,,,
2005-10-13,347000,,,,
2019-07-11,1000000,,,,
2007-06-20,540000,,,,
1995-02-17,110000,,,,
2014-05-09,665000,,,,
2002-01-10,134000,,,,
1998-07-24,85000,,,,
2013-04-11,361500,,,,
2024-08-05,788000,,,,
2011-10-06,535000,,,,
2001-01-19,133000,,,,
1999-09-15,99500,,,,
2001-10-04,181750,,,,
1996-01-10,60000,,,,
2005-08-31,235000,,,,
1999-10-08,125000,,,,
1995-08-11,44517,,,,
2024-11-01,950000,,,,
2004-03-31,625000,,,,
2017-08-30,950000,,,,
2013-06-14,575000,,,,
2010-06-11,430000,,,,
2003-08-20,240000,,,,
1999-06-30,130000,,,,
1998-01-30,125000,,,,
2013-10-18,1250000,,,,
2009-10-02,300000,,,,
2004-07-30,207000,,,,
1998-05-15,88500,,,,
2011-10-07,494000,,,,
2002-12-20,265000,,,,
2019-12-11,515000,,,,
2014-11-12,480000,,,,
2019-09-27,465000,,,,
1997-07-25,154000,,,,
2005-07-04,315000,,,,
2022-10-21,1610000,,,,
2017-03-30,1335000,,,,
1996-03-27,121500,,,,
2012-09-18,999999,,,,
1997-03-19,195000,,,,
2024-08-30,742500,,,,
2020-10-23,635000,,,,
2022-03-18,670000,,,,
2016-11-22,710000,,,,
2006-07-05,302500,,,,
2001-10-31,249995,,,,
1996-11-01,77000,,,,
2022-10-20,1222500,,,,
2003-02-14,285000,,,,
2005-04-29,340000,,,,
2020-03-03,1300000,,,,
1996-12-02,230000,,,,
2022-05-06,1550000,,,,
1996-08-01,185000,,,,
2016-10-24,734000,,,,
2013-04-08,520000,,,,
2005-03-23,290000,,,,
1998-03-30,116500,,,,
2016-08-31,855000,,,,
2003-08-19,290000,,,,
2018-04-06,730000,,,,
2017-11-30,3350000,,,,
2007-08-14,1775000,,,,
1998-12-23,200000,,,,
1995-03-31,155000,,,,
2013-10-18,425570,,,,
2003-09-26,189000,,,,
2009-07-28,805000,,,,
2002-02-15,470000,,,,
2001-09-05,415000,,,,
1996-12-19,140000,,,,
2016-09-05,790000,,,,
2003-03-28,275000,,,,
2001-05-21,236000,,,,
2001-05-21,236000,,,,
2019-04-05,675000,,,,
2022-03-25,535000,,,,
2013-02-14,385000,,,,
2006-10-06,240000,,,,
2014-12-02,1800000,,,,
2005-08-11,620000,,,,
2012-05-02,425000,,,,
1998-02-13,129000,,,,
2006-05-04,325000,,,,
2018-12-14,875000,,,,
2006-11-20,315000,,,,
2003-12-19,250000,,,,
1999-11-05,185000,,,,
2024-02-16,2300000,,,,
2024-04-12,980000,,,,
2003-02-14,1150000,,,,
2024-05-30,517500,,,,
2010-10-08,340000,,,,
2005-06-30,215000,,,,
2003-09-30,184000,,,,
2015-04-22,799999,,,,
2016-03-30,949950,,,,
2005-07-08,360000,,,,
2003-08-14,288000,,,,
1999-08-06,177000,,,,
1997-10-10,210000,,,,
2020-03-12,500000,,,,
2006-08-03,405000,,,,
2003-09-19,290000,,,,
2000-12-15,141000,,,,
2007-12-10,575000,,,,
2002-03-06,250000,,,,
2017-01-06,825000,,,,
2011-07-25,550000,,,,
2013-07-17,935000,,,,
2006-10-11,585000,,,,
2011-12-16,550000,,,,
2004-09-20,347500,,,,
1997-08-01,125000,,,,
2007-12-13,560000,,,,
2002-08-23,275000,,,,
1999-05-28,138000,,,,
2011-08-04,440000,,,,
1999-11-26,185000,,,,
1997-04-04,97500,,,,
2002-05-24,313000,,,,
2000-05-26,229500,,,,
1999-08-27,202000,,,,
2005-02-04,295000,,,,
2004-06-04,269950,,,,
2001-04-06,150000,,,,
2014-06-10,1750000,,,,
2003-12-23,541000,,,,
2007-03-09,305000,,,,
1997-12-05,100000,,,,
2004-03-26,250000,,,,
1999-08-27,163000,,,,
2018-04-12,825000,,,,
2001-03-16,138000,,,,
2024-05-23,718000,,,,
2012-10-02,561000,,,,
2006-07-07,690000,,,,
2001-08-17,555000,,,,
2001-04-06,221500,,,,
1999-02-03,125000,,,,
2019-03-27,815000,,,,
2005-01-28,320000,,,,
2022-04-06,670000,,,,
1996-05-24,104000,,,,
2016-10-31,810000,,,,
1997-09-30,134500,,,,
2007-09-25,585000,,,,
2022-11-07,950000,,,,
2014-01-17,725000,,,,
1995-11-27,104671,,,,
2021-11-10,690000,,,,
2005-09-02,325000,,,,
1997-09-29,128000,,,,
2000-06-30,460000,,,,
1995-01-31,193500,,,,
2015-02-26,705000,,,,
2021-11-26,830000,,,,
2010-03-31,450000,,,,
2024-02-07,974000,,,,
2001-04-03,248000,,,,
1999-08-20,190000,,,,
2015-02-26,1876000,,,,
2019-02-11,725000,,,,
2019-08-30,717500,,,,
2005-12-20,249950,,,,
2004-02-05,203000,,,,
1999-06-24,110000,,,,
2004-12-09,205000,,,,
2002-04-26,185000,,,,
2019-01-31,835000,,,,
2001-05-04,235000,,,,
1997-02-28,112000,,,,
2004-05-28,268000,,,,
1998-08-26,139500,,,,
2015-01-23,805000,,,,
1996-12-23,180000,,,,
2006-10-12,382000,,,,
2007-01-25,745000,,,,
1997-01-24,164000,,,,
2003-02-14,250000,,,,
2021-02-26,800000,,,,
1999-09-23,165000,,,,
2003-12-05,246000,,,,
2011-06-30,250000,,,,
2003-01-08,178000,,,,
2014-05-09,465000,,,,
2010-05-17,325000,,,,
2001-11-12,340000,,,,
1999-07-12,185000,,,,
1997-03-20,115000,,,,
2013-09-10,830000,,,,
2017-02-07,830000,,,,
2011-06-17,500000,,,,
2004-08-09,310000,,,,
2012-01-30,367000,,,,
2001-08-31,168000,,,,
1998-03-27,169000,,,,
2001-07-16,280000,,,,
2019-04-04,930750,,,,
2006-09-11,445200,,,,
2002-07-19,290000,,,,
2001-10-09,237000,,,,
1996-04-04,188000,,,,
2009-11-11,558000,,,,
2005-08-31,350000,,,,
1999-08-31,190000,,,,
1997-02-17,133000,,,,
2010-04-16,580000,,,,
2004-07-26,291000,,,,
1999-03-11,185000,,,,
2003-05-28,280000,,,,
2016-01-15,830000,,,,
1998-10-05,160000,,,,
1995-01-06,96000,,,,
2005-12-19,370000,,,,
2002-07-05,300000,,,,
2001-07-25,250000,,,,
1997-12-19,160000,,,,
2004-07-05,179655,,,,
1995-03-31,63000,,,,
2023-08-16,665000,,,,
2009-10-09,442500,,,,
2001-12-14,250000,,,,
2002-12-20,195000,,,,
2000-08-11,130000,,,,
1999-03-15,86500,,,,
2002-01-16,330000,,,,
1996-12-13,116000,,,,
2017-01-20,1180000,,,,
2007-02-28,575000,,,,
1998-10-16,178000,,,,
1998-04-02,120000,,,,
2022-12-09,675000,,,,
2009-12-10,520000,,,,
2003-10-31,297000,,,,
2001-05-04,230000,,,,
2017-04-28,1700000,,,,
2003-05-01,450000,,,,
1995-06-30,175000,,,,
2023-07-04,895000,,,,
2016-11-25,895000,,,,
2007-05-25,556000,,,,
2017-07-18,2100000,,,,
2010-12-14,980000,,,,
2001-11-16,550000,,,,
1996-12-06,230000,,,,
1999-05-17,160000,,,,
1997-02-28,108000,,,,
2018-10-23,500000,,,,
2007-01-19,220000,,,,
2005-05-03,175000,,,,
2003-10-31,157500,,,,
2002-05-30,155000,,,,
2016-10-20,1830000,,,,
2015-05-11,402500,,,,
1999-06-24,187500,,,,
1996-10-30,115000,,,,
2015-06-25,966000,,,,
2002-12-20,305000,,,,
2023-02-10,770000,,,,
2010-12-09,499950,,,,
2004-06-25,340000,,,,
2000-03-03,190000,,,,
2005-04-01,315000,,,,
2003-12-05,295000,,,,
2017-11-14,548000,,,,
2005-12-02,525000,,,,
2003-12-09,485000,,,,
2024-08-02,2000000,,,,
1999-04-15,360000,,,,
2007-05-25,490000,,,,
1996-07-19,61600,,,,
2013-02-28,498500,,,,
2007-10-31,480000,,,,
2014-08-28,850000,,,,
2009-10-01,491000,,,,
1999-10-18,180000,,,,
2011-06-20,350000,,,,
2020-01-13,1150000,,,,
2014-03-28,965000,,,,
2001-04-19,285000,,,,
2018-01-26,920000,,,,
2005-06-30,330000,,,,
2007-04-27,875000,,,,
2017-09-25,740000,,,,
2009-03-05,350000,,,,
2005-05-12,282087,,,,
1996-10-09,93850,,,,
2005-12-16,390000,,,,
2004-05-21,365000,,,,
2013-02-14,840000,,,,
2006-04-21,495000,,,,
2003-10-22,375000,,,,
1999-09-01,215000,,,,
2006-08-09,705000,,,,
2000-03-31,439000,,,,
1998-09-17,325000,,,,
1995-11-08,202500,,,,
2021-06-14,835000,,,,
2013-05-23,715002,,,,
2021-04-01,1250000,,,,
2016-04-20,975000,,,,
2005-08-17,415000,,,,
2002-11-18,327950,,,,
2000-04-14,157000,,,,
2023-01-26,770000,,,,
1995-12-05,95000,,,,
2022-07-15,750000,,,,
2023-03-24,775000,,,,
2008-08-11,494000,,,,
1999-06-04,149000,,,,
2005-03-21,570000,,,,
2017-04-11,1075000,,,,
2011-11-04,635000,,,,
2005-09-30,380000,,,,
2020-10-19,870000,,,,
2013-07-30,809995,,,,
2001-12-13,265000,,,,
1995-01-23,90550,,,,
2013-04-12,567000,,,,
2014-05-09,999995,,,,
2004-05-07,380000,,,,
1999-03-08,186000,,,,
1996-09-10,110000,,,,
2013-08-28,821000,,,,
2005-10-07,365000,,,,
1997-03-21,120000,,,,
2005-01-07,204000,,,,
2002-09-06,190000,,,,
2000-12-15,131000,,,,
1999-04-30,89000,,,,
2017-07-28,865000,,,,
2014-06-24,948250,,,,
2022-05-27,677500,,,,
2021-03-16,1125000,,,,
1997-11-21,135000,,,,
1996-09-25,135000,,,,
2010-07-14,650000,,,,
2001-10-04,317500,,,,
1996-04-22,100000,,,,
2000-06-30,134000,,,,
1997-03-07,100000,,,,
2000-05-23,196000,,,,
2021-09-13,805000,,,,
2000-07-04,187000,,,,
2011-12-16,273000,,,,
2007-11-23,245000,,,,
2017-07-10,775000,,,,
2011-07-01,408000,,,,
2001-03-07,230000,,,,
2009-07-14,460000,,,,
2021-06-18,1480000,,,,
2018-10-16,1925000,,,,
1997-11-03,96500,,,,
2001-04-06,354000,,,,
2003-07-14,470000,,,,
1999-12-24,188000,,,,
2011-10-06,320000,,,,
1999-04-16,80000,,,,
2010-07-23,499999,,,,
1998-08-23,155000,,,,
2009-12-16,545000,,,,
2000-04-20,238000,,,,
2005-06-10,365000,,,,
2001-09-13,265000,,,,
1999-09-01,161050,,,,
2015-04-08,880000,,,,
2006-07-28,344750,,,,
2023-02-22,890000,,,,
2013-02-01,645000,,,,
2006-07-17,389000,,,,
1997-06-23,152500,,,,
2018-02-08,515000,,,,
2013-07-30,450000,,,,
1996-09-25,59750,,,,
2023-07-07,550000,,,,
2014-08-29,960000,,,,
2011-10-19,600000,,,,
1999-07-16,187000,,,,
2017-03-30,1850000,,,,
2002-07-05,570000,,,,
2002-06-24,230000,,,,
2010-06-18,247500,,,,
2009-06-02,295000,,,,
2007-03-30,295500,,,,
2003-12-22,199000,,,,
2001-02-09,128000,,,,
2017-01-18,520000,,,,
2015-07-30,420000,,,,
2010-08-25,250000,,,,
1995-10-24,131000,,,,
2003-03-28,308000,,,,
2003-03-28,305000,,,,
2010-08-02,330000,,,,
2003-08-01,195000,,,,
2001-03-16,160000,,,,
1999-05-20,107800,,,,
2018-11-21,517500,,,,
2014-03-25,451000,,,,
1999-03-26,152500,,,,
2007-03-02,305000,,,,
1996-10-11,70000,,,,
2003-11-12,460000,,,,
1997-10-03,205000,,,,
2020-11-10,705000,,,,
2009-10-07,492500,,,,
2002-11-12,275000,,,,
2011-08-22,558000,,,,
2008-09-25,500000,,,,
2001-12-17,265000,,,,
2004-10-15,174000,,,,
2002-03-28,132500,,,,
1998-08-25,77500,,,,
1996-06-28,55000,,,,
2007-10-26,385000,,,,
2002-03-15,168000,,,,
1996-07-31,93000,,,,
2000-11-10,467500,,,,
2010-06-15,499999,,,,
1995-11-09,95000,,,,
2022-07-08,810000,,,,
2018-10-18,800000,,,,
2006-01-06,355000,,,,
2003-06-13,250000,,,,
1996-03-22,99500,,,,
2009-09-30,440000,,,,
2019-06-26,875000,,,,
2016-06-27,845000,,,,
2012-07-19,495000,,,,
2005-04-21,312500,,,,
2001-06-22,232500,,,,
1997-01-17,107000,,,,
2021-05-27,525000,,,,
2004-02-20,250000,,,,
2021-06-28,815000,,,,
2012-03-27,595000,,,,
2002-10-18,285000,,,,
2017-09-27,2000000,,,,
2019-08-08,1800000,,,,
2004-09-17,576000,,,,
2024-11-11,700000,,,,
2003-12-18,249000,,,,
2000-12-12,208000,,,,
2016-08-04,815000,,,,
2012-11-05,509000,,,,
1996-07-26,93000,,,,
2018-06-29,410000,,,,
2015-12-09,1400000,,,,
2000-04-10,395000,,,,
1998-05-08,240000,,,,
2004-03-15,332500,,,,
2014-02-21,815000,,,,
1999-09-01,195000,,,,
1997-01-17,118000,,,,
1998-04-22,175000,,,,
1995-09-25,113000,,,,
2001-01-11,138000,,,,
2014-02-14,365000,,,,
2012-07-10,310000,,,,
2000-07-28,115000,,,,
2002-05-01,235000,,,,
2001-07-04,205000,,,,
2000-11-24,199950,,,,
2011-08-05,610100,,,,
1998-10-02,178500,,,,
2019-08-30,1745000,,,,
2004-10-01,580000,,,,
1996-11-21,194000,,,,
2020-08-04,530000,,,,
1996-10-10,70000,,,,
1996-11-29,165000,,,,
1995-12-22,139500,,,,
2009-12-10,467500,,,,
2018-10-26,530000,,,,
1999-05-21,110000,,,,
1996-08-01,70000,,,,
2013-11-15,355000,,,,
2011-09-05,285000,,,,
2009-12-15,227500,,,,
1997-07-11,146000,,,,
2020-03-06,825000,,,,
1997-04-17,135000,,,,
2007-02-16,495000,,,,
2004-03-22,275000,,,,
2015-10-07,420000,,,,
1997-03-27,130000,,,,
2021-06-18,782500,,,,
2005-07-08,335000,,,,
2013-08-29,715000,,,,
2006-09-15,425000,,,,
2004-08-25,350000,,,,
2002-12-11,310000,,,,
1999-04-06,172000,,,,
2014-04-17,382000,,,,
2023-03-10,1000000,,,,
2022-07-18,1495000,,,,
2004-07-27,555000,,,,
1997-04-23,205000,,,,
2007-10-05,395000,,,,
1995-06-30,135000,,,,
2017-04-03,850000,,,,
1999-01-22,150000,,,,
2013-12-02,1600000,,,,
2023-06-14,3400000,,,,
2007-07-09,1850000,,,,
2004-07-15,1070000,,,,
1996-06-28,420000,,,,
2016-03-24,775000,,,,
2011-04-07,445000,,,,
1999-12-10,177500,,,,
2001-12-20,277000,,,,
2022-09-09,1195000,,,,
2013-07-18,819000,,,,
2011-09-01,721099,,,,
2009-04-22,470000,,,,
2000-05-19,249000,,,,
2010-01-28,635000,,,,
2005-09-09,465000,,,,
1999-08-24,225000,,,,
1996-04-01,115000,,,,
2002-03-18,225000,,,,
2002-09-18,360000,,,,
2013-12-02,970000,,,,
2007-08-21,640000,,,,
1998-11-12,332000,,,,
2023-08-18,550000,,,,
2021-11-30,510000,,,,
2000-02-18,140000,,,,
2024-08-29,710000,,,,
2024-11-18,1265000,,,,
2019-06-14,1110000,,,,
2016-04-11,1175000,,,,
2003-05-30,249950,,,,
2000-06-19,215000,,,,
1998-09-04,125000,,,,
1995-09-22,87750,,,,
2010-09-13,495000,,,,
2020-02-13,840000,,,,
2011-06-21,885000,,,,
1997-03-13,175000,,,,
2023-05-23,1780000,,,,
2009-12-16,780000,,,,
1995-03-03,131000,,,,
1996-10-17,94000,,,,
2013-05-15,750000,,,,
2003-12-12,295000,,,,
2024-03-26,1825000,,,,
2003-05-13,490000,,,,
1999-08-04,317500,,,,
1996-04-19,175000,,,,
2024-01-17,1760000,,,,
2000-03-31,375000,,,,
1997-09-22,146000,,,,
2005-07-28,412000,,,,
2000-07-31,246912,,,,
2023-11-10,865420,,,,
2004-06-24,340000,,,,
2010-09-30,600000,,,,
2008-01-22,945000,,,,
1998-07-16,240000,,,,
2018-11-28,1000000,,,,
2005-10-28,440000,,,,
2005-04-29,346111,,,,
2018-01-26,885000,,,,
2014-12-19,875000,,,,
2001-01-31,210000,,,,
1999-05-13,150000,,,,
1999-07-30,145000,,,,
2023-02-17,975000,,,,
2020-11-13,640000,,,,
1996-09-06,95000,,,,
2022-04-01,519500,,,,
2012-06-29,372000,,,,
2001-08-02,175000,,,,
1995-09-01,147500,,,,
1999-05-28,382500,,,,
2022-09-14,1650000,,,,
2010-09-23,335000,,,,
1995-08-24,67500,,,,
2020-09-18,867500,,,,
2007-03-30,316000,,,,
1999-12-09,118880,,,,
2019-02-07,782500,,,,
2016-02-29,750000,,,,
1996-08-01,99000,,,,
1995-08-04,85000,,,,
2018-12-12,530000,,,,
1996-01-19,105000,,,,
2020-02-28,1720000,,,,
2004-04-19,,275000,,,
1999-09-28,,147000,,,
2015-03-02,,360000,,,
2010-08-09,,210000,,,
2011-10-07,,437000,,,
2016-06-02,,695000,,,
2016-04-14,,435269,,,
2002-10-02,,185000,,,
2006-03-17,,205000,,,
2018-06-01,,360000,,,
2015-02-06,,317792,,,
1996-10-24,,57000,,,
2004-01-22,,182500,,,
2002-02-07,,158000,,,
2015-04-16,,360000,,,
2000-01-14,,158000,,,
2006-01-13,,210000,,,
2007-04-16,,240000,,,
2006-10-31,,155000,,,
1996-05-08,,47000,,,
2017-06-30,,695000,,,
2017-02-24,,695000,,,
2007-10-15,,465000,,,
2020-10-30,,663000,,,
2014-03-10,,360000,,,
2018-08-29,,810000,,,
2007-07-17,,488000,,,
2003-12-19,,310000,,,
2012-11-16,,495000,,,
2008-02-04,,485000,,,
2005-01-31,,268000,,,
2017-03-28,,490000,,,
2016-03-31,,680000,,,
2007-08-16,,287500,,,
2002-11-25,,185000,,,
1997-10-17,,60000,,,
2023-04-21,,650000,,,
2013-12-19,,640000,,,
2014-04-16,,415000,,,
2011-12-19,,243500,,,
2002-01-25,,160000,,,
2021-03-26,,616000,,,
2022-02-24,,325000,,,
2005-03-23,,290000,,,
2005-01-06,,180000,,,
2002-11-11,,215000,,,
2005-12-07,,237500,,,
2010-03-09,,425000,,,
2003-09-19,,249999,,,
2000-03-20,,62000,,,
1998-08-28,,63000,,,
2003-12-19,,298000,,,
1999-01-29,,156000,,,
1998-08-19,,115000,,,
2010-09-03,,315000,,,
2005-12-02,,345000,,,
2004-10-08,,272500,,,
2013-08-01,,390000,,,
1996-11-29,,45000,,,
2010-06-15,,250000,,,
2014-02-21,,317500,,,
2004-07-15,,165000,,,
2001-04-27,,112500,,,
2005-08-26,,290000,,,
2001-10-15,,235000,,,
1998-02-26,,68000,,,
2007-06-18,,305000,,,
2004-10-20,,185000,,,
2004-06-18,,165000,,,
1996-04-01,,30360,,,
2005-07-04,,192000,,,
2008-09-25,,450000,,,
1998-11-04,,127500,,,
2006-06-08,,235000,,,
2000-09-20,,191000,,,
2013-11-29,,692000,,,
2003-09-26,,206500,,,
2022-02-16,,715000,,,
2008-10-30,,430000,,,
1997-11-07,,110000,,,
1999-10-29,,72000,,,
2001-10-15,,130000,,,
1999-03-01,,85000,,,
2008-05-06,,306250,,,
2006-10-04,,218000,,,
1997-08-22,,90000,,,
2007-02-09,,220000,,,
2003-11-13,,172500,,,
2011-07-21,,250000,,,
2023-07-07,,425000,,,
2009-12-07,,280000,,,
2011-02-21,,425000,,,
2018-07-16,,456545,,,
2004-11-17,,225000,,,
2022-04-08,,660000,,,
2019-08-14,,507500,,,
2012-08-14,,400000,,,
1999-10-01,,127000,,,
2006-08-22,,360000,,,
2003-11-05,,237000,,,
2015-09-04,,432000,,,
2021-06-11,,335000,,,
2012-02-24,,315000,,,
2007-02-09,,260000,,,
2002-10-14,,272000,,,
1999-06-08,,150000,,,
1997-11-21,,70000,,,
2008-12-22,,243000,,,
2006-03-23,,131000,,,
2015-06-12,,395000,,,
2007-11-19,,310000,,,
2004-09-27,,191000,,,
2018-01-08,,360000,,,
2011-10-07,,280000,,,
2010-11-24,,195000,,,
2012-06-25,,345000,,,
2011-04-20,,247000,,,
2011-09-09,,260000,,,
2003-09-19,,159000,,,
2010-04-08,,267500,,,
2006-05-02,,235000,,,
2009-01-30,,425000,,,
2008-01-04,,480000,,,
2006-04-28,,293000,,,
2022-01-20,,400000,,,
2003-11-14,,205000,,,
2006-07-04,,175000,,,
2002-11-29,,149000,,,
1998-06-12,,67000,,,
2020-01-21,,425000,,,
2013-03-15,,350000,,,
2006-06-23,,237000,,,
2015-10-16,,802500,,,
2023-02-27,,400000,,,
2012-03-12,,280000,,,
2003-04-15,,190000,,,
2023-07-21,,700000,,,
2003-01-31,,249000,,,
2007-09-19,,450000,,,
2010-12-16,,450000,,,
2005-01-28,,162000,,,
2012-02-29,,320000,,,
2010-05-28,,250000,,,
2024-04-05,,512000,,,
2002-07-05,,122000,,,
2024-05-28,,745000,,,
2004-04-02,,275000,,,
2003-10-31,,246000,,,
1998-05-07,,135000,,,
2007-05-09,,322730,,,
2001-09-28,,149000,,,
2001-09-28,,135000,,,
2013-06-14,,550000,,,
2005-09-02,,195000,,,
1999-08-10,,117000,,,
2001-06-20,,230000,,,
1999-12-13,,160000,,,
2013-05-10,,350000,,,
2023-09-22,,442000,,,
2006-10-18,,265000,,,
2002-01-25,,173000,,,
2007-11-07,,239950,,,
1998-03-17,,65000,,,
2018-07-06,,730000,,,
2010-09-07,,300000,,,
2003-11-14,,185000,,,
2000-03-15,,105000,,,
1998-08-05,,75000,,,
2007-01-26,,215000,,,
2003-08-29,,175000,,,
2010-06-25,,240000,,,
2013-12-16,,350000,,,
2008-07-23,,236000,,,
2002-07-15,,157000,,,
2001-12-06,,120000,,,
2013-11-14,,345000,,,
1999-07-05,,64000,,,
2016-06-14,,525000,,,
2011-04-11,,310000,,,
1998-04-03,,72500,,,
2004-07-09,,325000,,,
1997-10-14,,125000,,,
2011-09-27,,445500,,,
2002-08-23,,250000,,,
1996-08-16,,63000,,,
2015-08-24,,410000,,,
2002-06-14,,170000,,,
2010-09-27,,243000,,,
2019-03-29,,424000,,,
2014-02-03,,650000,,,
2007-11-09,,460000,,,
1998-06-26,,126500,,,
2014-09-17,,395500,,,
2007-11-30,,282500,,,
1997-09-12,,59000,,,
2019-02-15,,320000,,,
2000-12-11,,134000,,,
2011-11-22,,250000,,,
2005-10-21,,197500,,,
2002-02-25,,135000,,,
2002-01-18,,125000,,,
1998-06-19,,67500,,,
2005-11-04,,180000,,,
2000-09-15,,96000,,,
2004-06-17,,270000,,,
2018-04-12,,700000,,,
2008-02-22,,247500,,,
2014-06-06,,315000,,,
2011-09-30,,450000,,,
2007-11-12,,425000,,,
2005-10-17,,322000,,,
2000-12-20,,198000,,,
2011-07-22,,430000,,,
2007-08-02,,360000,,,
2001-07-06,,226500,,,
2005-12-19,,235000,,,
2003-04-15,,184500,,,
2006-08-18,,190000,,,
2021-11-22,,700000,,,
2006-07-27,,425000,,,
2000-09-05,,210000,,,
2011-10-19,,248000,,,
2007-09-07,,245000,,,
2001-10-30,,135000,,,
1997-01-28,,63000,,,
2000-10-20,,235000,,,
2012-03-22,,250000,,,
2003-02-28,,245000,,,
2000-03-30,,165000,,,
2007-10-12,,340000,,,
2007-04-04,,300000,,,
2001-04-03,,186000,,,
2006-06-30,,185000,,,
2002-11-04,,173500,,,
1997-03-20,,48000,,,
2013-11-26,,325000,,,
2008-07-24,,235000,,,
2002-10-25,,315000,,,
2000-06-08,,200000,,,
2015-09-18,,690000,,,
1998-05-08,,113000,,,
2008-10-10,,249995,,,
2004-06-03,,170000,,,
1996-08-23,,80000,,,
2009-06-05,,400000,,,
2021-03-30,,750000,,,
2017-02-23,,695000,,,
2021-06-22,,513500,,,
1998-06-12,,110000,,,
2008-01-31,,485000,,,
2002-02-11,,230000,,,
2023-12-13,,800000,,,
2001-10-26,,285000,,,
2024-03-01,,750000,,,
2016-03-01,,745000,,,
2012-10-02,,400000,,,
2020-11-20,,300000,,,
2006-09-22,,195000,,,
2002-04-12,,235000,,,
1998-12-01,,70000,,,
2002-07-25,,158110,,,
2000-11-03,,110000,,,
1999-03-19,,72500,,,
2001-01-19,,190000,,,
1997-11-17,,45920,,,
2007-10-12,,500000,,,
2010-12-17,,415000,,,
2018-03-09,,695000,,,
2000-02-24,,117250,,,
2002-06-28,,260000,,,
2011-10-14,,437000,,,
2008-10-31,,445000,,,
2005-08-19,,310000,,,
1999-01-26,,120000,,,
2006-12-08,,355000,,,
2002-04-26,,249500,,,
2004-12-13,,195000,,,
2010-06-07,,249999,,,
2009-08-28,,192750,,,
2013-10-30,,390000,,,
2009-06-24,,245000,,,
2010-03-15,,236000,,,
2013-06-14,,335000,,,
2001-07-30,,89500,,,
2003-12-12,,167500,,,
2014-09-30,,410000,,,
2001-09-06,,150000,,,
2007-05-04,,318000,,,
2001-07-10,,115000,,,
2000-02-18,,112000,,,
2019-02-08,,478000,,,
2004-05-19,,282500,,,
1995-01-06,,39000,,,
2022-05-31,,735000,,,
2009-10-16,,370000,,,
2006-09-29,,325500,,,
2015-07-06,,418000,,,
2017-08-01,,418500,,,
2005-11-02,,220000,,,
2000-08-14,,110000,,,
2001-01-30,,215000,,,
2010-05-28,,200000,,,
2019-08-23,,660000,,,
2014-05-22,,655000,,,
2010-04-23,,400000,,,
1999-09-30,,150000,,,
2018-03-20,,417000,,,
2002-05-30,,175000,,,
2009-12-21,,238000,,,
1996-06-14,,42000,,,
2013-10-08,,377500,,,
2012-12-18,,288500,,,
2007-02-01,,265000,,,
2003-06-30,,195000,,,
2000-08-23,,124000,,,
2008-07-11,,265000,,,
2024-09-20,,655000,,,
2011-05-09,,432000,,,
2001-01-05,,190000,,,
2009-06-12,,243000,,,
1997-08-11,,56000,,,
1995-01-01,,,91484,,
1995-02-01,,,82173,,
1995-03-01,,,79069,,
1995-04-01,,,77049,,
1995-05-01,,,84395,,
1995-06-01,,,94927,,
1995-07-01,,,110121,,
1995-08-01,,,112273,,
1995-09-01,,,104400,,
1995-10-01,,,108023,,
1995-11-01,,,117662,,
1995-12-01,,,127238,,
1996-01-01,,,108912,,
1996-02-01,,,93217,,
1996-03-01,,,93528,,
1996-04-01,,,120314,,
1996-05-01,,,111838,,
1996-06-01,,,114007,,
1996-07-01,,,97352,,
1996-08-01,,,113948,,
1996-09-01,,,107910,,
1996-10-01,,,98727,,
1996-11-01,,,99500,,
1996-12-01,,,106210,,
1997-01-01,,,116099,,
1997-02-01,,,110901,,
1997-03-01,,,107247,,
1997-04-01,,,108235,,
1997-05-01,,,115192,,
1997-06-01,,,118039,,
1997-07-01,,,116745,,
1997-08-01,,,113287,,
1997-09-01,,,114851,,
1997-10-01,,,120933,,
1997-11-01,,,130737,,
1997-12-01,,,129705,,
1998-01-01,,,124067,,
1998-02-01,,,143492,,
1998-03-01,,,156148,,
1998-04-01,,,163027,,
1998-05-01,,,143279,,
1998-06-01,,,131939,,
1998-07-01,,,140050,,
1998-08-01,,,148647,,
1998-09-01,,,152443,,
1998-10-01,,,161634,,
1998-11-01,,,152027,,
1998-12-01,,,155448,,
1999-01-01,,,148807,,
1999-02-01,,,164170,,
1999-03-01,,,174173,,
1999-04-01,,,190681,,
1999-05-01,,,190597,,
1999-06-01,,,185505,,
1999-07-01,,,163624,,
1999-08-01,,,160464,,
1999-09-01,,,165743,,
1999-10-01,,,163064,,
1999-11-01,,,174699,,
1999-12-01,,,168889,,
2000-01-01,,,173293,,
2000-02-01,,,173714,,
2000-03-01,,,177884,,
2000-04-01,,,182636,,
2000-05-01,,,174589,,
2000-06-01,,,197680,,
2000-07-01,,,214295,,
2000-08-01,,,221381,,
2000-09-01,,,222606,,
2000-10-01,,,244451,,
2000-11-01,,,320986,,
2000-12-01,,,314014,,
2001-01-01,,,283588,,
2001-02-01,,,197675,,
2001-03-01,,,188592,,
2001-04-01,,,205009,,
2001-05-01,,,222929,,
2001-06-01,,,241871,,
2001-07-01,,,230167,,
2001-08-01,,,231097,,
2001-09-01,,,229269,,
2001-10-01,,,263283,,
2001-11-01,,,345683,,
2001-12-01,,,361420,,
2002-01-01,,,343499,,
2002-02-01,,,283419,,
2002-03-01,,,253155,,
2002-04-01,,,244803,,
2002-05-01,,,226811,,
2002-06-01,,,252612,,
2002-07-01,,,261876,,
2002-08-01,,,273440,,
2002-09-01,,,276454,,
2002-10-01,,,271369,,
2002-11-01,,,279692,,
2002-12-01,,,261662,,
2003-01-01,,,261112,,
2003-02-01,,,263459,,
2003-03-01,,,291373,,
2003-04-01,,,294578,,
2003-05-01,,,284286,,
2003-06-01,,,266682,,
2003-07-01,,,259690,,
2003-08-01,,,244966,,
2003-09-01,,,242688,,
2003-10-01,,,252466,,
2003-11-01,,,276954,,
2003-12-01,,,304960,,
2004-01-01,,,326273,,
2004-02-01,,,300503,,
2004-03-01,,,272184,,
2004-04-01,,,268968,,
2004-05-01,,,279493,,
2004-06-01,,,296812,,
2004-07-01,,,297680,,
2004-08-01,,,306457,,
2004-09-01,,,304491,,
2004-10-01,,,289314,,
2004-11-01,,,332400,,
2004-12-01,,,330494,,
2005-01-01,,,329693,,
2005-02-01,,,288271,,
2005-03-01,,,304214,,
2005-04-01,,,316735,,
2005-05-01,,,310791,,
2005-06-01,,,282276,,
2005-07-01,,,283048,,
2005-08-01,,,304714,,
2005-09-01,,,310257,,
2005-10-01,,,338129,,
2005-11-01,,,326572,,
2005-12-01,,,338917,,
2006-01-01,,,315461,,
2006-02-01,,,322963,,
2006-03-01,,,324395,,
2006-04-01,,,318874,,
2006-05-01,,,312426,,
2006-06-01,,,304305,,
2006-07-01,,,337519,,
2006-08-01,,,357615,,
2006-09-01,,,376667,,
2006-10-01,,,364372,,
2006-11-01,,,353653,,
2006-12-01,,,364936,,
2007-01-01,,,360095,,
2007-02-01,,,398529,,
2007-03-01,,,402236,,
2007-04-01,,,418048,,
2007-05-01,,,410231,,
2007-06-01,,,435063,,
2007-07-01,,,466256,,
2007-08-01,,,472767,,
2007-09-01,,,462426,,
2007-10-01,,,455356,,
2007-11-01,,,449784,,
2007-12-01,,,463205,,
2008-01-01,,,470770,,
2008-02-01,,,452662,,
2008-03-01,,,403919,,
2008-04-01,,,381692,,
2008-05-01,,,388837,,
2008-06-01,,,419698,,
2008-07-01,,,441335,,
2008-08-01,,,471311,,
2008-09-01,,,465011,,
2008-10-01,,,439001,,
2008-11-01,,,395245,,
2008-12-01,,,386288,,
2009-01-01,,,399397,,
2009-02-01,,,392451,,
2009-03-01,,,398288,,
2009-04-01,,,344516,,
2009-05-01,,,372589,,
2009-06-01,,,347864,,
2009-07-01,,,378113,,
2009-08-01,,,359582,,
2009-09-01,,,390083,,
2009-10-01,,,398798,,
2009-11-01,,,396829,,
2009-12-01,,,410835,,
2010-01-01,,,463135,,
2010-02-01,,,489097,,
2010-03-01,,,496797,,
2010-04-01,,,456922,,
2010-05-01,,,453614,,
2010-06-01,,,426843,,
2010-07-01,,,418888,,
2010-08-01,,,441173,,
2010-09-01,,,453782,,
2010-10-01,,,454551,,
2010-11-01,,,428912,,
2010-12-01,,,443620,,
2011-01-01,,,441017,,
2011-02-01,,,502463,,
2011-03-01,,,473880,,
2011-04-01,,,514747,,
2011-05-01,,,458088,,
2011-06-01,,,465117,,
2011-07-01,,,419169,,
2011-08-01,,,420153,,
2011-09-01,,,434590,,
2011-10-01,,,448535,,
2011-11-01,,,477266,,
2011-12-01,,,494721,,
2012-01-01,,,524008,,
2012-02-01,,,508827,,
2012-03-01,,,525614,,
2012-04-01,,,522518,,
2012-05-01,,,571567,,
2012-06-01,,,540631,,
2012-07-01,,,541133,,
2012-08-01,,,494417,,
2012-09-01,,,524102,,
2012-10-01,,,519919,,
2012-11-01,,,519601,,
2012-12-01,,,489801,,
2013-01-01,,,463805,,
2013-02-01,,,497452,,
2013-03-01,,,526032,,
2013-04-01,,,588616,,
2013-05-01,,,576009,,
2013-06-01,,,660321,,
2013-07-01,,,648764,,
2013-08-01,,,643491,,
2013-09-01,,,527708,,
2013-10-01,,,525500,,
2013-11-01,,,544877,,
2013-12-01,,,613269,,
2014-01-01,,,622833,,
2014-02-01,,,646126,,
2014-03-01,,,652381,,
2014-04-01,,,662998,,
2014-05-01,,,680339,,
2014-06-01,,,694924,,
2014-07-01,,,721791,,
2014-08-01,,,758902,,
2014-09-01,,,751066,,
2014-10-01,,,760692,,
2014-11-01,,,760062,,
2014-12-01,,,771083,,
2015-01-01,,,780970,,
2015-02-01,,,757950,,
2015-03-01,,,764602,,
2015-04-01,,,726682,,
2015-05-01,,,760259,,
2015-06-01,,,773879,,
2015-07-01,,,776431,,
2015-08-01,,,757607,,
2015-09-01,,,764837,,
2015-10-01,,,778698,,
2015-11-01,,,739225,,
2015-12-01,,,710815,,
2016-01-01,,,734273,,
2016-02-01,,,762973,,
2016-03-01,,,791975,,
2016-04-01,,,802502,,
2016-05-01,,,842699,,
2016-06-01,,,904917,,
2016-07-01,,,908757,,
2016-08-01,,,845393,,
2016-09-01,,,777892,,
2016-10-01,,,790055,,
2016-11-01,,,815993,,
2016-12-01,,,809150,,
2017-01-01,,,817654,,
2017-02-01,,,818093,,
2017-03-01,,,851416,,
2017-04-01,,,903552,,
2017-05-01,,,937307,,
2017-06-01,,,928317,,
2017-07-01,,,852500,,
2017-08-01,,,845130,,
2017-09-01,,,834409,,
2017-10-01,,,816190,,
2017-11-01,,,787921,,
2017-12-01,,,775722,,
2018-01-01,,,799677,,
2018-02-01,,,780669,,
2018-03-01,,,738167,,
2018-04-01,,,729692,,
2018-05-01,,,793436,,
2018-06-01,,,786370,,
2018-07-01,,,806727,,
2018-08-01,,,781319,,
2018-09-01,,,797968,,
2018-10-01,,,800475,,
2018-11-01,,,761851,,
2018-12-01,,,809562,,
2019-01-01,,,862529,,
2019-02-01,,,891344,,
2019-03-01,,,850428,,
2019-04-01,,,736430,,
2019-05-01,,,717240,,
2019-06-01,,,758737,,
2019-07-01,,,752950,,
2019-08-01,,,809975,,
2019-09-01,,,800830,,
2019-10-01,,,817265,,
2019-11-01,,,769589,,
2019-12-01,,,755427,,
2020-01-01,,,771196,,
2020-02-01,,,796768,,
2020-03-01,,,844240,,
2020-04-01,,,915005,,
2020-05-01,,,914588,,
2020-06-01,,,868250,,
2020-07-01,,,784073,,
2020-08-01,,,825164,,
2020-09-01,,,797899,,
2020-10-01,,,821580,,
2020-11-01,,,768481,,
2020-12-01,,,795146,,
2021-01-01,,,751557,,
2021-02-01,,,710700,,
2021-03-01,,,701469,,
2021-04-01,,,719253,,
2021-05-01,,,729398,,
2021-06-01,,,750722,,
2021-07-01,,,885052,,
2021-08-01,,,919882,,
2021-09-01,,,906908,,
2021-10-01,,,795159,,
2021-11-01,,,891513,,
2021-12-01,,,1002903,,
2022-01-01,,,1030006,,
2022-02-01,,,959272,,
2022-03-01,,,885722,,
2022-04-01,,,910119,,
2022-05-01,,,886387,,
2022-06-01,,,881953,,
2022-07-01,,,876144,,
2022-08-01,,,917214,,
2022-09-01,,,906672,,
2022-10-01,,,916789,,
2022-11-01,,,924204,,
2022-12-01,,,894053,,
2023-01-01,,,880404,,
2023-02-01,,,809712,,
2023-03-01,,,869893,,
2023-04-01,,,835938,,
2023-05-01,,,909025,,
2023-06-01,,,978216,,
2023-07-01,,,1007372,,
2023-08-01,,,958318,,
2023-09-01,,,903756,,
2023-10-01,,,873306,,
2023-11-01,,,859433,,
2023-12-01,,,803747,,
2024-01-01,,,834221,,
2024-02-01,,,836683,,
2024-03-01,,,828034,,
2024-04-01,,,807040,,
2024-05-01,,,809976,,
2024-06-01,,,804816,,
2024-07-01,,,751740,,
2024-08-01,,,747115,,
2024-09-01,,,716487,,
2024-10-01,,,689356,,
2024-11-01,,,668202,,
1995-01-01,,,,64619,
1995-02-01,,,,60359,
1995-03-01,,,,64186,
1995-04-01,,,,65099,
1995-05-01,,,,65718,
1995-06-01,,,,66735,
1995-07-01,,,,65790,
1995-08-01,,,,65588,
1995-09-01,,,,65035,
1995-10-01,,,,64793,
1995-11-01,,,,65081,
1995-12-01,,,,66029,
1996-01-01,,,,65870,
1996-02-01,,,,66992,
1996-03-01,,,,66097,
1996-04-01,,,,68172,
1996-05-01,,,,67630,
1996-06-01,,,,69564,
1996-07-01,,,,69523,
1996-08-01,,,,68901,
1996-09-01,,,,69975,
1996-10-01,,,,69598,
1996-11-01,,,,70450,
1996-12-01,,,,71374,
1997-01-01,,,,73141,
1997-02-01,,,,74410,
1997-03-01,,,,74926,
1997-04-01,,,,76393,
1997-05-01,,,,78356,
1997-06-01,,,,78377,
1997-07-01,,,,80620,
1997-08-01,,,,80570,
1997-09-01,,,,82656,
1997-10-01,,,,82234,
1997-11-01,,,,83446,
1997-12-01,,,,84874,
1998-01-01,,,,85657,
1998-02-01,,,,85674,
1998-03-01,,,,87389,
1998-04-01,,,,89317,
1998-05-01,,,,88700,
1998-06-01,,,,90979,
1998-07-01,,,,91489,
1998-08-01,,,,91022,
1998-09-01,,,,91626,
1998-10-01,,,,91844,
1998-11-01,,,,91965,
1998-12-01,,,,92440,
1999-01-01,,,,93692,
1999-02-01,,,,93355,
1999-03-01,,,,95485,
1999-04-01,,,,96874,
1999-05-01,,,,99033,
1999-06-01,,,,100255,
1999-07-01,,,,103599,
1999-08-01,,,,105931,
1999-09-01,,,,109954,
1999-10-01,,,,109870,
1999-11-01,,,,111981,
1999-12-01,,,,115071,
2000-01-01,,,,115506,
2000-02-01,,,,118641,
2000-03-01,,,,119340,
2000-04-01,,,,126608,
2000-05-01,,,,125794,
2000-06-01,,,,128870,
2000-07-01,,,,130434,
2000-08-01,,,,132453,
2000-09-01,,,,132409,
2000-10-01,,,,129962,
2000-11-01,,,,133810,
2000-12-01,,,,133575,
2001-01-01,,,,134820,
2001-02-01,,,,134244,
2001-03-01,,,,136351,
2001-04-01,,,,137996,
2001-05-01,,,,142572,
2001-06-01,,,,144946,
2001-07-01,,,,145315,
2001-08-01,,,,149188,
2001-09-01,,,,149093,
2001-10-01,,,,149680,
2001-11-01,,,,151527,
2001-12-01,,,,153617,
2002-01-01,,,,153883,
2002-02-01,,,,154884,
2002-03-01,,,,157187,
2002-04-01,,,,163549,
2002-05-01,,,,166997,
2002-06-01,,,,171396,
2002-07-01,,,,173793,
2002-08-01,,,,177432,
2002-09-01,,,,178855,
2002-10-01,,,,179988,
2002-11-01,,,,184228,
2002-12-01,,,,184471,
2003-01-01,,,,186926,
2003-02-01,,,,186523,
2003-03-01,,,,185407,
2003-04-01,,,,188347,
2003-05-01,,,,189359,
2003-06-01,,,,188717,
2003-07-01,,,,192154,
2003-08-01,,,,190918,
2003-09-01,,,,190449,
2003-10-01,,,,192263,
2003-11-01,,,,193463,
2003-12-01,,,,196159,
2004-01-01,,,,196490,
2004-02-01,,,,196693,
2004-03-01,,,,199326,
2004-04-01,,,,202365,
2004-05-01,,,,204628,
2004-06-01,,,,207895,
2004-07-01,,,,209501,
2004-08-01,,,,210563,
2004-09-01,,,,209748,
2004-10-01,,,,207943,
2004-11-01,,,,211065,
2004-12-01,,,,206756,
2005-01-01,,,,208376,
2005-02-01,,,,207548,
2005-03-01,,,,207511,
2005-04-01,,,,211199,
2005-05-01,,,,211479,
2005-06-01,,,,211100,
2005-07-01,,,,212892,
2005-08-01,,,,213620,
2005-09-01,,,,211176,
2005-10-01,,,,209507,
2005-11-01,,,,211694,
2005-12-01,,,,215567,
2006-01-01,,,,214584,
2006-02-01,,,,214773,
2006-03-01,,,,216507,
2006-04-01,,,,220453,
2006-05-01,,,,223018,
2006-06-01,,,,226295,
2006-07-01,,,,226972,
2006-08-01,,,,230115,
2006-09-01,,,,231214,
2006-10-01,,,,233036,
2006-11-01,,,,231582,
2006-12-01,,,,238180,
2007-01-01,,,,240937,
2007-02-01,,,,245120,
2007-03-01,,,,246442,
2007-04-01,,,,251019,
2007-05-01,,,,256149,
2007-06-01,,,,258918,
2007-07-01,,,,266890,
2007-08-01,,,,269035,
2007-09-01,,,,270506,
2007-10-01,,,,270658,
2007-11-01,,,,268479,
2007-12-01,,,,270329,
2008-01-01,,,,269578,
2008-02-01,,,,267322,
2008-03-01,,,,264226,
2008-04-01,,,,265191,
2008-05-01,,,,266306,
2008-06-01,,,,260848,
2008-07-01,,,,262734,
2008-08-01,,,,253968,
2008-09-01,,,,250460,
2008-10-01,,,,242805,
2008-11-01,,,,233135,
2008-12-01,,,,228422,
2009-01-01,,,,229353,
2009-02-01,,,,226949,
2009-03-01,,,,225466,
2009-04-01,,,,222092,
2009-05-01,,,,227052,
2009-06-01,,,,229061,
2009-07-01,,,,233071,
2009-08-01,,,,234400,
2009-09-01,,,,241515,
2009-10-01,,,,240658,
2009-11-01,,,,238347,
2009-12-01,,,,241063,
2010-01-01,,,,249180,
2010-02-01,,,,247719,
2010-03-01,,,,250903,
2010-04-01,,,,251899,
2010-05-01,,,,250835,
2010-06-01,,,,253666,
2010-07-01,,,,259349,
2010-08-01,,,,257356,
2010-09-01,,,,256612,
2010-10-01,,,,253754,
2010-11-01,,,,250196,
2010-12-01,,,,253763,
2011-01-01,,,,255214,
2011-02-01,,,,253953,
2011-03-01,,,,257165,
2011-04-01,,,,264752,
2011-05-01,,,,254026,
2011-06-01,,,,256336,
2011-07-01,,,,265623,
2011-08-01,,,,261746,
2011-09-01,,,,262610,
2011-10-01,,,,259320,
2011-11-01,,,,260317,
2011-12-01,,,,261000,
2012-01-01,,,,262346,
2012-02-01,,,,257937,
2012-03-01,,,,259216,
2012-04-01,,,,267993,
2012-05-01,,,,271470,
2012-06-01,,,,274239,
2012-07-01,,,,275099,
2012-08-01,,,,275527,
2012-09-01,,,,274948,
2012-10-01,,,,277248,
2012-11-01,,,,275027,
2012-12-01,,,,280600,
2013-01-01,,,,277251,
2013-02-01,,,,280689,
2013-03-01,,,,278831,
2013-04-01,,,,288624,
2013-05-01,,,,288559,
2013-06-01,,,,290694,
2013-07-01,,,,298764,
2013-08-01,,,,299890,
2013-09-01,,,,306464,
2013-10-01,,,,305736,
2013-11-01,,,,309270,
2013-12-01,,,,319009,
2014-01-01,,,,320787,
2014-02-01,,,,323086,
2014-03-01,,,,326778,
2014-04-01,,,,337738,
2014-05-01,,,,345723,
2014-06-01,,,,349362,
2014-07-01,,,,357492,
2014-08-01,,,,362768,
2014-09-01,,,,362757,
2014-10-01,,,,360746,
2014-11-01,,,,358450,
2014-12-01,,,,362322,
2015-01-01,,,,361840,
2015-02-01,,,,363574,
2015-03-01,,,,363615,
2015-04-01,,,,367469,
2015-05-01,,,,374213,
2015-06-01,,,,373769,
2015-07-01,,,,385416,
2015-08-01,,,,387978,
2015-09-01,,,,392127,
2015-10-01,,,,389400,
2015-11-01,,,,395612,
2015-12-01,,,,398893,
2016-01-01,,,,405793,
2016-02-01,,,,403745,
2016-03-01,,,,412842,
2016-04-01,,,,407094,
2016-05-01,,,,414351,
2016-06-01,,,,413275,
2016-07-01,,,,418347,
2016-08-01,,,,415648,
2016-09-01,,,,416967,
2016-10-01,,,,417532,
2016-11-01,,,,418660,
2016-12-01,,,,419937,
2017-01-01,,,,421834,
2017-02-01,,,,427256,
2017-03-01,,,,422917,
2017-04-01,,,,428541,
2017-05-01,,,,430111,
2017-06-01,,,,428001,
2017-07-01,,,,434837,
2017-08-01,,,,432209,
2017-09-01,,,,428892,
2017-10-01,,,,426315,
2017-11-01,,,,421807,
2017-12-01,,,,421917,
2018-01-01,,,,425766,
2018-02-01,,,,423537,
2018-03-01,,,,416546,
2018-04-01,,,,420315,
2018-05-01,,,,420076,
2018-06-01,,,,421188,
2018-07-01,,,,424322,
2018-08-01,,,,420693,
2018-09-01,,,,416752,
2018-10-01,,,,420614,
2018-11-01,,,,414526,
2018-12-01,,,,415052,
2019-01-01,,,,410934,
2019-02-01,,,,407751,
2019-03-01,,,,406906,
2019-04-01,,,,411728,
2019-05-01,,,,404483,
2019-06-01,,,,410734,
2019-07-01,,,,419875,
2019-08-01,,,,409829,
2019-09-01,,,,418324,
2019-10-01,,,,411266,
2019-11-01,,,,405653,
2019-12-01,,,,418382,
2020-01-01,,,,416550,
2020-02-01,,,,411015,
2020-03-01,,,,421036,
2020-04-01,,,,412702,
2020-05-01,,,,411283,
2020-06-01,,,,414734,
2020-07-01,,,,419846,
2020-08-01,,,,421646,
2020-09-01,,,,425218,
2020-10-01,,,,415993,
2020-11-01,,,,422998,
2020-12-01,,,,421321,
2021-01-01,,,,426340,
2021-02-01,,,,423950,
2021-03-01,,,,434022,
2021-04-01,,,,420904,
2021-05-01,,,,419955,
2021-06-01,,,,431135,
2021-07-01,,,,432437,
2021-08-01,,,,438023,
2021-09-01,,,,431616,
2021-10-01,,,,428773,
2021-11-01,,,,437646,
2021-12-01,,,,435184,
2022-01-01,,,,436717,
2022-02-01,,,,438917,
2022-03-01,,,,435545,
2022-04-01,,,,438408,
2022-05-01,,,,434569,
2022-06-01,,,,450322,
2022-07-01,,,,450930,
2022-08-01,,,,454090,
2022-09-01,,,,451633,
2022-10-01,,,,446431,
2022-11-01,,,,446961,
2022-12-01,,,,445268,
2023-01-01,,,,444922,
2023-02-01,,,,440510,
2023-03-01,,,,436724,
2023-04-01,,,,435822,
2023-05-01,,,,437027,
2023-06-01,,,,435057,
2023-07-01,,,,433432,
2023-08-01,,,,434347,
2023-09-01,,,,441197,
2023-10-01,,,,435187,
2023-11-01,,,,427283,
2023-12-01,,,,428239,
2024-01-01,,,,428419,
2024-02-01,,,,423797,
2024-03-01,,,,423133,
2024-04-01,,,,424315,
2024-05-01,,,,425935,
2024-06-01,,,,430830,
2024-07-01,,,,432490,
2024-08-01,,,,443684,
2024-09-01,,,,437656,
2024-10-01,,,,427872,
2024-11-01,,,,422903,
1995-01-01,,,,,45219
1995-02-01,,,,,44292
1995-03-01,,,,,45074
1995-04-01,,,,,45807
1995-05-01,,,,,45760
1995-06-01,,,,,46359
1995-07-01,,,,,45637
1995-08-01,,,,,45170
1995-09-01,,,,,45073
1995-10-01,,,,,44951
1995-11-01,,,,,45190
1995-12-01,,,,,45167
1996-01-01,,,,,44528
1996-02-01,,,,,44926
1996-03-01,,,,,44644
1996-04-01,,,,,45822
1996-05-01,,,,,45832
1996-06-01,,,,,46929
1996-07-01,,,,,46529
1996-08-01,,,,,46457
1996-09-01,,,,,46792
1996-10-01,,,,,46514
1996-11-01,,,,,47298
1996-12-01,,,,,47528
1997-01-01,,,,,47612
1997-02-01,,,,,48516
1997-03-01,,,,,49034
1997-04-01,,,,,49576
1997-05-01,,,,,50354
1997-06-01,,,,,50603
1997-07-01,,,,,51372
1997-08-01,,,,,52053
1997-09-01,,,,,52559
1997-10-01,,,,,52717
1997-11-01,,,,,53278
1997-12-01,,,,,53617
1998-01-01,,,,,53808
1998-02-01,,,,,54509
1998-03-01,,,,,54617
1998-04-01,,,,,55734
1998-05-01,,,,,56204
1998-06-01,,,,,57250
1998-07-01,,,,,57188
1998-08-01,,,,,57545
1998-09-01,,,,,57523
1998-10-01,,,,,57798
1998-11-01,,,,,57931
1998-12-01,,,,,58433
1999-01-01,,,,,58384
1999-02-01,,,,,58484
1999-03-01,,,,,59678
1999-04-01,,,,,60244
1999-05-01,,,,,61321
1999-06-01,,,,,62254
1999-07-01,,,,,63242
1999-08-01,,,,,64628
1999-09-01,,,,,66772
1999-10-01,,,,,67233
1999-11-01,,,,,68241
1999-12-01,,,,,70029
2000-01-01,,,,,69282
2000-02-01,,,,,70695
2000-03-01,,,,,71562
2000-04-01,,,,,75300
2000-05-01,,,,,75618
2000-06-01,,,,,77209
2000-07-01,,,,,77279
2000-08-01,,,,,79329
2000-09-01,,,,,79182
2000-10-01,,,,,78062
2000-11-01,,,,,79683
2000-12-01,,,,,80779
2001-01-01,,,,,80274
2001-02-01,,,,,80251
2001-03-01,,,,,81645
2001-04-01,,,,,82990
2001-05-01,,,,,85152
2001-06-01,,,,,87207
2001-07-01,,,,,86990
2001-08-01,,,,,89666
2001-09-01,,,,,90201
2001-10-01,,,,,90278
2001-11-01,,,,,91895
2001-12-01,,,,,94210
2002-01-01,,,,,93086
2002-02-01,,,,,93892
2002-03-01,,,,,96264
2002-04-01,,,,,99401
2002-05-01,,,,,101841
2002-06-01,,,,,105006
2002-07-01,,,,,106186
2002-08-01,,,,,109292
2002-09-01,,,,,110436
2002-10-01,,,,,111801
2002-11-01,,,,,114981
2002-12-01,,,,,116634
2003-01-01,,,,,117343
2003-02-01,,,,,117588
2003-03-01,,,,,118630
2003-04-01,,,,,120563
2003-05-01,,,,,121310
2003-06-01,,,,,123516
2003-07-01,,,,,124097
2003-08-01,,,,,124910
2003-09-01,,,,,124463
2003-10-01,,,,,126162
2003-11-01,,,,,127065
2003-12-01,,,,,130095
2004-01-01,,,,,129344
2004-02-01,,,,,130021
2004-03-01,,,,,132477
2004-04-01,,,,,134707
2004-05-01,,,,,138023
2004-06-01,,,,,141451
2004-07-01,,,,,141450
2004-08-01,,,,,143879
2004-09-01,,,,,144087
2004-10-01,,,,,144084
2004-11-01,,,,,145668
2004-12-01,,,,,145238
2005-01-01,,,,,143395
2005-02-01,,,,,143560
2005-03-01,,,,,144196
2005-04-01,,,,,145435
2005-05-01,,,,,146964
2005-06-01,,,,,147527
2005-07-01,,,,,147833
2005-08-01,,,,,148814
2005-09-01,,,,,147875
2005-10-01,,,,,147745
2005-11-01,,,,,148493
2005-12-01,,,,,151489
2006-01-01,,,,,148701
2006-02-01,,,,,150486
2006-03-01,,,,,150423
2006-04-01,,,,,152692
2006-05-01,,,,,155081
2006-06-01,,,,,156320
2006-07-01,,,,,156243
2006-08-01,,,,,157650
2006-09-01,,,,,158663
2006-10-01,,,,,159785
2006-11-01,,,,,159513
2006-12-01,,,,,163364
2007-01-01,,,,,162661
2007-02-01,,,,,165346
2007-03-01,,,,,164732
2007-04-01,,,,,167700
2007-05-01,,,,,171490
2007-06-01,,,,,172532
2007-07-01,,,,,174371
2007-08-01,,,,,174638
2007-09-01,,,,,176404
2007-10-01,,,,,176713
2007-11-01,,,,,176017
2007-12-01,,,,,177083
2008-01-01,,,,,174807
2008-02-01,,,,,172815
2008-03-01,,,,,170303
2008-04-01,,,,,170313
2008-05-01,,,,,171415
2008-06-01,,,,,168642
2008-07-01,,,,,167443
2008-08-01,,,,,163326
2008-09-01,,,,,159615
2008-10-01,,,,,156193
2008-11-01,,,,,150973
2008-12-01,,,,,147872
2009-01-01,,,,,146976
2009-02-01,,,,,146113
2009-03-01,,,,,144919
2009-04-01,,,,,144266
2009-05-01,,,,,146296
2009-06-01,,,,,147179
2009-07-01,,,,,148560
2009-08-01,,,,,149846
2009-09-01,,,,,152714
2009-10-01,,,,,152088
2009-11-01,,,,,152038
2009-12-01,,,,,153597
2010-01-01,,,,,152798
2010-02-01,,,,,153394
2010-03-01,,,,,155161
2010-04-01,,,,,155667
2010-05-01,,,,,156499
2010-06-01,,,,,157200
2010-07-01,,,,,157684
2010-08-01,,,,,157522
2010-09-01,,,,,157583
2010-10-01,,,,,155787
2010-11-01,,,,,154420
2010-12-01,,,,,154766
2011-01-01,,,,,153717
2011-02-01,,,,,153823
2011-03-01,,,,,153536
2011-04-01,,,,,156518
2011-05-01,,,,,155477
2011-06-01,,,,,155417
2011-07-01,,,,,158333
2011-08-01,,,,,155598
2011-09-01,,,,,155744
2011-10-01,,,,,153963
2011-11-01,,,,,155873
2011-12-01,,,,,155280
2012-01-01,,,,,153939
2012-02-01,,,,,153278
2012-03-01,,,,,154801
2012-04-01,,,,,157909
2012-05-01,,,,,158509
2012-06-01,,,,,159561
2012-07-01,,,,,160186
2012-08-01,,,,,159581
2012-09-01,,,,,159875
2012-10-01,,,,,159803
2012-11-01,,,,,158881
2012-12-01,,,,,159610
2013-01-01,,,,,157947
2013-02-01,,,,,158875
2013-03-01,,,,,159637
2013-04-01,,,,,162125
2013-05-01,,,,,163064
2013-06-01,,,,,163902
2013-07-01,,,,,166628
2013-08-01,,,,,167111
2013-09-01,,,,,168755
2013-10-01,,,,,168285
2013-11-01,,,,,169563
2013-12-01,,,,,173720
2014-01-01,,,,,173440
2014-02-01,,,,,174059
2014-03-01,,,,,175657
2014-04-01,,,,,179535
2014-05-01,,,,,182556
2014-06-01,,,,,184220
2014-07-01,,,,,186483
2014-08-01,,,,,188844
2014-09-01,,,,,190050
2014-10-01,,,,,189664
2014-11-01,,,,,188765
2014-12-01,,,,,190423
2015-01-01,,,,,190290
2015-02-01,,,,,191036
2015-03-01,,,,,190914
2015-04-01,,,,,192450
2015-05-01,,,,,195666
2015-06-01,,,,,195288
2015-07-01,,,,,200004
2015-08-01,,,,,201842
2015-09-01,,,,,203091
2015-10-01,,,,,202376
2015-11-01,,,,,204910
2015-12-01,,,,,205939
2016-01-01,,,,,207941
2016-02-01,,,,,207771
2016-03-01,,,,,211891
2016-04-01,,,,,210424
2016-05-01,,,,,215654
2016-06-01,,,,,215500
2016-07-01,,,,,217820
2016-08-01,,,,,218109
2016-09-01,,,,,217713
2016-10-01,,,,,218226
2016-11-01,,,,,218906
2016-12-01,,,,,220018
2017-01-01,,,,,220139
2017-02-01,,,,,223873
2017-03-01,,,,,221172
2017-04-01,,,,,224125
2017-05-01,,,,,227417
2017-06-01,,,,,227646
2017-07-01,,,,,230482
2017-08-01,,,,,230443
2017-09-01,,,,,228595
2017-10-01,,,,,227770
2017-11-01,,,,,227222
2017-12-01,,,,,227130
2018-01-01,,,,,227374
2018-02-01,,,,,227060
2018-03-01,,,,,223988
2018-04-01,,,,,224796
2018-05-01,,,,,225472
2018-06-01,,,,,227383
2018-07-01,,,,,228677
2018-08-01,,,,,228736
2018-09-01,,,,,227508
2018-10-01,,,,,227981
2018-11-01,,,,,225623
2018-12-01,,,,,226923
2019-01-01,,,,,223908
2019-02-01,,,,,223812
2019-03-01,,,,,221555
2019-04-01,,,,,222913
2019-05-01,,,,,221767
2019-06-01,,,,,224000
2019-07-01,,,,,227260
2019-08-01,,,,,224332
2019-09-01,,,,,227640
2019-10-01,,,,,224898
2019-11-01,,,,,222243
2019-12-01,,,,,224882
2020-01-01,,,,,223969
2020-02-01,,,,,221254
2020-03-01,,,,,225478
2020-04-01,,,,,219836
2020-05-01,,,,,222534
2020-06-01,,,,,224025
2020-07-01,,,,,227032
2020-08-01,,,,,226269
2020-09-01,,,,,228668
2020-10-01,,,,,227480
2020-11-01,,,,,230585
2020-12-01,,,,,231756
2021-01-01,,,,,236316
2021-02-01,,,,,237522
2021-03-01,,,,,242590
2021-04-01,,,,,236644
2021-05-01,,,,,235683
2021-06-01,,,,,248887
2021-07-01,,,,,237082
2021-08-01,,,,,240648
2021-09-01,,,,,247635
2021-10-01,,,,,238933
2021-11-01,,,,,244565
2021-12-01,,,,,245763
2022-01-01,,,,,246611
2022-02-01,,,,,249692
2022-03-01,,,,,247763
2022-04-01,,,,,249924
2022-05-01,,,,,251032
2022-06-01,,,,,256156
2022-07-01,,,,,257063
2022-08-01,,,,,259094
2022-09-01,,,,,259377
2022-10-01,,,,,258206
2022-11-01,,,,,258126
2022-12-01,,,,,258131
2023-01-01,,,,,254311
2023-02-01,,,,,253691
2023-03-01,,,,,250761
2023-04-01,,,,,249789
2023-05-01,,,,,251346
2023-06-01,,,,,250542
2023-07-01,,,,,250913
2023-08-01,,,,,251400
2023-09-01,,,,,252488
2023-10-01,,,,,251975
2023-11-01,,,,,248535
2023-12-01,,,,,247051
2024-01-01,,,,,245706
2024-02-01,,,,,244825
2024-03-01,,,,,244991
2024-04-01,,,,,245895
2024-05-01,,,,,247295
2024-06-01,,,,,249129
2024-07-01,,,,,250065
2024-08-01,,,,,255236
2024-09-01,,,,,254030
2024-10-01,,,,,254796
2024-11-01,,,,,252604
