date,"FLAT 30, BASTERFIELD HOUSE","FLAT 24, BASTERFIELD HOUSE","FLAT 334, CRESCENT HOUSE","FLAT 18, BASTERFIELD HOUSE","FLAT 3, BAYER HOUSE","City of London, all sales average","City of London, flats average","London, all sales average","London, flats average","England, all sales average","England, flats average"
1997-11-01,110000,,,,,,,,,,
2008-10-01,430000,,,,,,,,,,
2022-02-01,715000,,,,,,,,,,
2001-01-01,,190000,,,,,,,,,
2011-05-01,,432000,,,,,,,,,
2024-09-01,,655000,,,,,,,,,
2002-01-01,,,173000,,,,,,,,
2006-10-01,,,265000,,,,,,,,
2023-09-01,,,442000,,,,,,,,
2000-09-01,,,,210000,,,,,,,
2006-07-01,,,,425000,,,,,,,
2021-11-01,,,,700000,,,,,,,
2003-10-01,,,,,246000,,,,,,
2004-04-01,,,,,275000,,,,,,
2024-05-01,,,,,745000,,,,,,
2000-03-01,,,,,,178339,,,,,
2012-11-01,,,,,,521448,,,,,
2001-06-01,,,,,,242435,,,,,
2020-03-01,,,,,,847240,,,,,
2004-10-01,,,,,,289912,,,,,
2011-07-01,,,,,,420435,,,,,
2000-08-01,,,,,,221952,,,,,
2021-08-01,,,,,,923210,,,,,
2005-03-01,,,,,,304851,,,,,
2022-05-01,,,,,,889871,,,,,
2006-07-01,,,,,,338307,,,,,
2021-10-01,,,,,,798190,,,,,
2004-03-01,,,,,,272731,,,,,
2008-06-01,,,,,,420665,,,,,
2008-08-01,,,,,,472397,,,,,
2001-04-01,,,,,,205494,,,,,
2015-09-01,,,,,,767464,,,,,
2019-08-01,,,,,,812854,,,,,
2021-07-01,,,,,,888010,,,,,
2000-02-01,,,,,,174152,,,,,
2023-01-01,,,,,,884057,,,,,
2009-10-01,,,,,,399867,,,,,
2024-05-01,,,,,,813219,,,,,
2000-04-01,,,,,,183101,,,,,
2008-02-01,,,,,,453707,,,,,
2005-06-01,,,,,,282866,,,,,
2018-07-01,,,,,,809697,,,,,
2012-04-01,,,,,,524290,,,,,
2007-04-01,,,,,,419005,,,,,
2002-07-01,,,,,,262428,,,,,
2013-05-01,,,,,,578037,,,,,
2000-06-01,,,,,,198191,,,,,
2014-11-01,,,,,,762735,,,,,
2007-05-01,,,,,,411183,,,,,
2013-07-01,,,,,,651116,,,,,
1998-12-01,,,,,,155801,,,,,
2021-09-01,,,,,,910270,,,,,
1998-03-01,,,,,,156508,,,,,
2005-11-01,,,,,,327256,,,,,
2000-10-01,,,,,,245062,,,,,
2001-08-01,,,,,,231632,,,,,
2011-05-01,,,,,,459477,,,,,
1999-12-01,,,,,,169309,,,,,
2012-03-01,,,,,,527408,,,,,
2015-10-01,,,,,,781358,,,,,
2020-11-01,,,,,,771213,,,,,
2000-07-01,,,,,,214852,,,,,
2010-09-01,,,,,,455290,,,,,
2019-12-01,,,,,,758112,,,,,
2009-11-01,,,,,,397909,,,,,
1998-05-01,,,,,,143625,,,,,
2020-05-01,,,,,,917838,,,,,
2006-11-01,,,,,,354438,,,,,
2001-11-01,,,,,,346458,,,,,
2006-12-01,,,,,,365755,,,,,
2012-05-01,,,,,,573532,,,,,
2014-10-01,,,,,,763369,,,,,
2004-02-01,,,,,,301092,,,,,
2017-10-01,,,,,,818477,,,,,
2002-08-01,,,,,,274016,,,,,
1998-06-01,,,,,,132251,,,,,
2017-08-01,,,,,,847422,,,,,
2016-04-01,,,,,,805320,,,,,
2009-02-01,,,,,,393361,,,,,
2009-12-01,,,,,,411955,,,,,
2017-02-01,,,,,,820632,,,,,
2011-08-01,,,,,,421486,,,,,
2003-11-01,,,,,,277515,,,,,
2006-03-01,,,,,,325106,,,,,
2016-02-01,,,,,,765644,,,,,
2018-12-01,,,,,,812504,,,,,
2008-04-01,,,,,,382571,,,,,
2000-01-01,,,,,,173738,,,,,
2012-02-01,,,,,,510537,,,,,
2012-07-01,,,,,,543037,,,,,
2017-04-01,,,,,,906024,,,,,
2017-09-01,,,,,,836674,,,,,
2022-08-01,,,,,,920808,,,,,
1999-03-01,,,,,,174586,,,,,
2024-09-01,,,,,,719570,,,,,
2004-12-01,,,,,,331161,,,,,
2008-09-01,,,,,,466082,,,,,
2016-06-01,,,,,,907965,,,,,
1998-10-01,,,,,,162020,,,,,
2022-01-01,,,,,,1033995,,,,,
2022-11-01,,,,,,928082,,,,,
2004-04-01,,,,,,269514,,,,,
2019-11-01,,,,,,772325,,,,,
2023-05-01,,,,,,912786,,,,,
1998-04-01,,,,,,163403,,,,,
2002-11-01,,,,,,280283,,,,,
2003-01-01,,,,,,261645,,,,,
2004-09-01,,,,,,305126,,,,,
2005-04-01,,,,,,317398,,,,,
2020-09-01,,,,,,800735,,,,,
1999-09-01,,,,,,166193,,,,,
2010-03-01,,,,,,498241,,,,,
1998-02-01,,,,,,143829,,,,,
2010-10-01,,,,,,456016,,,,,
1998-01-01,,,,,,124382,,,,,
2005-07-01,,,,,,283641,,,,,
2013-03-01,,,,,,527874,,,,,
2015-02-01,,,,,,760550,,,,,
2016-08-01,,,,,,848269,,,,,
2018-02-01,,,,,,783266,,,,,
2018-01-01,,,,,,802129,,,,,
2023-03-01,,,,,,873492,,,,,
2023-09-01,,,,,,907496,,,,,
2002-02-01,,,,,,284015,,,,,
2019-09-01,,,,,,803676,,,,,
2010-06-01,,,,,,428120,,,,,
2009-09-01,,,,,,391138,,,,,
2016-05-01,,,,,,845579,,,,,
2018-06-01,,,,,,789278,,,,,
2002-01-01,,,,,,344239,,,,,
2006-10-01,,,,,,365177,,,,,
2020-02-01,,,,,,799600,,,,,
2012-06-01,,,,,,542518,,,,,
2014-03-01,,,,,,654629,,,,,
2015-06-01,,,,,,776509,,,,,
2018-04-01,,,,,,732351,,,,,
2019-06-01,,,,,,761434,,,,,
2022-04-01,,,,,,913581,,,,,
2024-08-01,,,,,,750362,,,,,
2002-04-01,,,,,,245313,,,,,
2002-12-01,,,,,,262197,,,,,
2010-07-01,,,,,,420234,,,,,
2015-08-01,,,,,,760243,,,,,
2019-04-01,,,,,,739047,,,,,
2010-11-01,,,,,,430305,,,,,
2003-09-01,,,,,,243184,,,,,
1998-09-01,,,,,,152807,,,,,
2013-11-01,,,,,,546793,,,,,
2014-02-01,,,,,,648359,,,,,
2013-09-01,,,,,,529619,,,,,
2022-12-01,,,,,,897720,,,,,
2020-10-01,,,,,,824501,,,,,
1999-10-01,,,,,,163490,,,,,
2008-11-01,,,,,,396155,,,,,
2023-02-01,,,,,,813032,,,,,
2023-08-01,,,,,,962283,,,,,
2020-04-01,,,,,,918257,,,,,
2015-05-01,,,,,,762815,,,,,
2011-02-01,,,,,,504009,,,,,
1998-08-01,,,,,,148993,,,,,
2008-01-01,,,,,,471861,,,,,
2013-08-01,,,,,,645847,,,,,
2003-03-01,,,,,,291969,,,,,
2006-06-01,,,,,,304977,,,,,
1999-02-01,,,,,,164545,,,,,
1998-11-01,,,,,,152387,,,,,
2002-06-01,,,,,,253130,,,,,
2003-04-01,,,,,,295174,,,,,
2007-03-01,,,,,,403144,,,,,
2014-07-01,,,,,,724282,,,,,
2012-10-01,,,,,,521769,,,,,
2015-07-01,,,,,,779097,,,,,
2021-01-01,,,,,,754228,,,,,
2021-05-01,,,,,,731720,,,,,
2014-05-01,,,,,,682663,,,,,
1999-05-01,,,,,,191081,,,,,
2004-11-01,,,,,,333075,,,,,
2023-11-01,,,,,,862989,,,,,
2024-02-01,,,,,,840075,,,,,
2024-06-01,,,,,,808227,,,,,
2006-02-01,,,,,,323653,,,,,
2022-07-01,,,,,,879560,,,,,
2009-07-01,,,,,,379109,,,,,
2010-12-01,,,,,,445016,,,,,
2022-03-01,,,,,,889061,,,,,
2018-11-01,,,,,,764659,,,,,
2005-05-01,,,,,,311442,,,,,
2021-02-01,,,,,,713173,,,,,
2022-06-01,,,,,,885382,,,,,
2007-11-01,,,,,,450831,,,,,
2008-05-01,,,,,,389733,,,,,
2006-09-01,,,,,,377545,,,,,
2003-05-01,,,,,,284860,,,,,
2011-01-01,,,,,,442413,,,,,
2001-10-01,,,,,,263887,,,,,
2011-09-01,,,,,,436019,,,,,
2019-07-01,,,,,,755626,,,,,
2023-06-01,,,,,,982264,,,,,
1999-01-01,,,,,,149143,,,,,
2001-01-01,,,,,,284262,,,,,
1999-11-01,,,,,,175143,,,,,
2009-06-01,,,,,,348751,,,,,
2016-11-01,,,,,,818663,,,,,
2000-11-01,,,,,,321773,,,,,
2009-03-01,,,,,,399220,,,,,
2016-12-01,,,,,,811786,,,,,
2017-01-01,,,,,,820305,,,,,
2019-05-01,,,,,,719789,,,,,
2022-02-01,,,,,,962962,,,,,
2022-09-01,,,,,,910396,,,,,
2007-02-01,,,,,,399437,,,,,
2001-02-01,,,,,,198137,,,,,
2006-08-01,,,,,,358438,,,,,
2008-07-01,,,,,,442352,,,,,
2002-10-01,,,,,,271941,,,,,
2020-06-01,,,,,,871336,,,,,
2006-01-01,,,,,,316121,,,,,
2016-03-01,,,,,,794754,,,,,
2012-09-01,,,,,,525971,,,,,
2001-12-01,,,,,,362204,,,,,
2015-04-01,,,,,,729148,,,,,
2020-08-01,,,,,,828097,,,,,
2017-12-01,,,,,,778002,,,,,
2016-09-01,,,,,,780527,,,,,
2004-06-01,,,,,,297421,,,,,
2017-03-01,,,,,,853885,,,,,
2018-09-01,,,,,,800875,,,,,
2014-09-01,,,,,,753704,,,,,
2023-10-01,,,,,,876920,,,,,
2001-03-01,,,,,,189033,,,,,
2007-06-01,,,,,,436079,,,,,
2019-01-01,,,,,,865636,,,,,
2004-05-01,,,,,,280062,,,,,
2023-04-01,,,,,,839397,,,,,
2021-12-01,,,,,,1006720,,,,,
2024-07-01,,,,,,754954,,,,,
2006-05-01,,,,,,313126,,,,,
2008-10-01,,,,,,440012,,,,,
2003-12-01,,,,,,305556,,,,,
2010-01-01,,,,,,464436,,,,,
2007-09-01,,,,,,463525,,,,,
2013-04-01,,,,,,590685,,,,,
2014-01-01,,,,,,625001,,,,,
2018-05-01,,,,,,796399,,,,,
2004-08-01,,,,,,307094,,,,,
2011-11-01,,,,,,478809,,,,,
2005-01-01,,,,,,330363,,,,,
2019-10-01,,,,,,820169,,,,,
2017-06-01,,,,,,930786,,,,,
2007-10-01,,,,,,456422,,,,,
2013-12-01,,,,,,615401,,,,,
2008-12-01,,,,,,387178,,,,,
2019-03-01,,,,,,853451,,,,,
2004-07-01,,,,,,298293,,,,,
2024-04-01,,,,,,810250,,,,,
2007-12-01,,,,,,464277,,,,,
2007-08-01,,,,,,473887,,,,,
2005-02-01,,,,,,288867,,,,,
2020-07-01,,,,,,786860,,,,,
2017-07-01,,,,,,854798,,,,,
2020-12-01,,,,,,797973,,,,,
2000-05-01,,,,,,175041,,,,,
2001-09-01,,,,,,229806,,,,,
2005-12-01,,,,,,339626,,,,,
2006-04-01,,,,,,319580,,,,,
2009-04-01,,,,,,345338,,,,,
2009-08-01,,,,,,360545,,,,,
2010-02-01,,,,,,490525,,,,,
2015-12-01,,,,,,713253,,,,,
1997-12-01,,,,,,130035,,,,,
2012-08-01,,,,,,496168,,,,,
1999-08-01,,,,,,160905,,,,,
2001-07-01,,,,,,230700,,,,,
2010-05-01,,,,,,454928,,,,,
2017-11-01,,,,,,790159,,,,,
2009-05-01,,,,,,373504,,,,,
2008-03-01,,,,,,404849,,,,,
2021-11-01,,,,,,894799,,,,,
2005-10-01,,,,,,338837,,,,,
2018-03-01,,,,,,740799,,,,,
2018-10-01,,,,,,803391,,,,,
2007-07-01,,,,,,467348,,,,,
2017-05-01,,,,,,939775,,,,,
2011-12-01,,,,,,496291,,,,,
2015-03-01,,,,,,767207,,,,,
1999-07-01,,,,,,164056,,,,,
2003-10-01,,,,,,252980,,,,,
2014-06-01,,,,,,697309,,,,,
2010-08-01,,,,,,442597,,,,,
2016-01-01,,,,,,736788,,,,,
2014-04-01,,,,,,665262,,,,,
2018-08-01,,,,,,784144,,,,,
2023-12-01,,,,,,807073,,,,,
2024-03-01,,,,,,831249,,,,,
1999-04-01,,,,,,191157,,,,,
2003-06-01,,,,,,267208,,,,,
2004-01-01,,,,,,326913,,,,,
2000-09-01,,,,,,223175,,,,,
2011-04-01,,,,,,516319,,,,,
2011-10-01,,,,,,450034,,,,,
2011-03-01,,,,,,475353,,,,,
2013-02-01,,,,,,499207,,,,,
2020-01-01,,,,,,773937,,,,,
2003-08-01,,,,,,245449,,,,,
2014-08-01,,,,,,761544,,,,,
2012-12-01,,,,,,491529,,,,,
2005-09-01,,,,,,310906,,,,,
2019-02-01,,,,,,894520,,,,,
2021-03-01,,,,,,703795,,,,,
2002-09-01,,,,,,277047,,,,,
2012-01-01,,,,,,525723,,,,,
2021-04-01,,,,,,721580,,,,,
2013-01-01,,,,,,465451,,,,,
2015-11-01,,,,,,741727,,,,,
1999-06-01,,,,,,185993,,,,,
2000-12-01,,,,,,314772,,,,,
2010-04-01,,,,,,458246,,,,,
2014-12-01,,,,,,773768,,,,,
2015-01-01,,,,,,783667,,,,,
2013-06-01,,,,,,662700,,,,,
2022-10-01,,,,,,920566,,,,,
1998-07-01,,,,,,140377,,,,,
2007-01-01,,,,,,360923,,,,,
2024-01-01,,,,,,837673,,,,,
2013-10-01,,,,,,527374,,,,,
2023-07-01,,,,,,1011540,,,,,
2002-05-01,,,,,,227281,,,,,
2016-10-01,,,,,,792664,,,,,
2002-03-01,,,,,,253697,,,,,
2003-02-01,,,,,,263992,,,,,
2005-08-01,,,,,,305351,,,,,
2011-06-01,,,,,,466525,,,,,
2009-01-01,,,,,,400317,,,,,
2003-07-01,,,,,,260204,,,,,
2021-06-01,,,,,,753197,,,,,
2016-07-01,,,,,,911827,,,,,
2001-05-01,,,,,,223459,,,,,
2000-03-01,,,,,,,177884,,,,
2012-11-01,,,,,,,519601,,,,
2001-06-01,,,,,,,241871,,,,
2020-03-01,,,,,,,844240,,,,
2004-10-01,,,,,,,289314,,,,
2011-07-01,,,,,,,419169,,,,
2000-08-01,,,,,,,221381,,,,
2021-08-01,,,,,,,919882,,,,
2005-03-01,,,,,,,304214,,,,
2022-05-01,,,,,,,886387,,,,
2006-07-01,,,,,,,337519,,,,
2021-10-01,,,,,,,795159,,,,
2004-03-01,,,,,,,272184,,,,
2008-06-01,,,,,,,419698,,,,
2008-08-01,,,,,,,471311,,,,
2001-04-01,,,,,,,205009,,,,
2015-09-01,,,,,,,764837,,,,
2019-08-01,,,,,,,809975,,,,
2021-07-01,,,,,,,885052,,,,
2000-02-01,,,,,,,173714,,,,
2023-01-01,,,,,,,880404,,,,
2009-10-01,,,,,,,398798,,,,
2024-05-01,,,,,,,809976,,,,
2000-04-01,,,,,,,182636,,,,
2008-02-01,,,,,,,452662,,,,
2005-06-01,,,,,,,282276,,,,
2018-07-01,,,,,,,806727,,,,
2012-04-01,,,,,,,522518,,,,
2007-04-01,,,,,,,418048,,,,
2002-07-01,,,,,,,261876,,,,
2013-05-01,,,,,,,576009,,,,
2000-06-01,,,,,,,197680,,,,
2014-11-01,,,,,,,760062,,,,
2007-05-01,,,,,,,410231,,,,
2013-07-01,,,,,,,648764,,,,
1998-12-01,,,,,,,155448,,,,
2021-09-01,,,,,,,906908,,,,
1998-03-01,,,,,,,156148,,,,
2005-11-01,,,,,,,326572,,,,
2000-10-01,,,,,,,244451,,,,
2001-08-01,,,,,,,231097,,,,
2011-05-01,,,,,,,458088,,,,
1999-12-01,,,,,,,168889,,,,
2012-03-01,,,,,,,525614,,,,
2015-10-01,,,,,,,778698,,,,
2020-11-01,,,,,,,768481,,,,
2000-07-01,,,,,,,214295,,,,
2010-09-01,,,,,,,453782,,,,
2019-12-01,,,,,,,755427,,,,
2009-11-01,,,,,,,396829,,,,
1998-05-01,,,,,,,143279,,,,
2020-05-01,,,,,,,914588,,,,
2006-11-01,,,,,,,353653,,,,
2001-11-01,,,,,,,345683,,,,
2006-12-01,,,,,,,364936,,,,
2012-05-01,,,,,,,571567,,,,
2014-10-01,,,,,,,760692,,,,
2004-02-01,,,,,,,300503,,,,
2017-10-01,,,,,,,816190,,,,
2002-08-01,,,,,,,273440,,,,
1998-06-01,,,,,,,131939,,,,
2017-08-01,,,,,,,845130,,,,
2016-04-01,,,,,,,802502,,,,
2009-02-01,,,,,,,392451,,,,
2009-12-01,,,,,,,410835,,,,
2017-02-01,,,,,,,818093,,,,
2011-08-01,,,,,,,420153,,,,
2003-11-01,,,,,,,276954,,,,
2006-03-01,,,,,,,324395,,,,
2016-02-01,,,,,,,762973,,,,
2018-12-01,,,,,,,809562,,,,
2008-04-01,,,,,,,381692,,,,
2000-01-01,,,,,,,173293,,,,
2012-02-01,,,,,,,508827,,,,
2012-07-01,,,,,,,541133,,,,
2017-04-01,,,,,,,903552,,,,
2017-09-01,,,,,,,834409,,,,
2022-08-01,,,,,,,917214,,,,
1999-03-01,,,,,,,174173,,,,
2024-09-01,,,,,,,716487,,,,
2004-12-01,,,,,,,330494,,,,
2008-09-01,,,,,,,465011,,,,
2016-06-01,,,,,,,904917,,,,
1998-10-01,,,,,,,161634,,,,
2022-01-01,,,,,,,1030006,,,,
2022-11-01,,,,,,,924204,,,,
2004-04-01,,,,,,,268968,,,,
2019-11-01,,,,,,,769589,,,,
2023-05-01,,,,,,,909025,,,,
1998-04-01,,,,,,,163027,,,,
2002-11-01,,,,,,,279692,,,,
2003-01-01,,,,,,,261112,,,,
2004-09-01,,,,,,,304491,,,,
2005-04-01,,,,,,,316735,,,,
2020-09-01,,,,,,,797899,,,,
1999-09-01,,,,,,,165743,,,,
2010-03-01,,,,,,,496797,,,,
1998-02-01,,,,,,,143492,,,,
2010-10-01,,,,,,,454551,,,,
1998-01-01,,,,,,,124067,,,,
2005-07-01,,,,,,,283048,,,,
2013-03-01,,,,,,,526032,,,,
2015-02-01,,,,,,,757950,,,,
2016-08-01,,,,,,,845393,,,,
2018-02-01,,,,,,,780669,,,,
2018-01-01,,,,,,,799677,,,,
2023-03-01,,,,,,,869893,,,,
2023-09-01,,,,,,,903756,,,,
2002-02-01,,,,,,,283419,,,,
2019-09-01,,,,,,,800830,,,,
2010-06-01,,,,,,,426843,,,,
2009-09-01,,,,,,,390083,,,,
2016-05-01,,,,,,,842699,,,,
2018-06-01,,,,,,,786370,,,,
2002-01-01,,,,,,,343499,,,,
2006-10-01,,,,,,,364372,,,,
2020-02-01,,,,,,,796768,,,,
2012-06-01,,,,,,,540631,,,,
2014-03-01,,,,,,,652381,,,,
2015-06-01,,,,,,,773879,,,,
2018-04-01,,,,,,,729692,,,,
2019-06-01,,,,,,,758737,,,,
2022-04-01,,,,,,,910119,,,,
2024-08-01,,,,,,,747115,,,,
2002-04-01,,,,,,,244803,,,,
2002-12-01,,,,,,,261662,,,,
2010-07-01,,,,,,,418888,,,,
2015-08-01,,,,,,,757607,,,,
2019-04-01,,,,,,,736430,,,,
2010-11-01,,,,,,,428912,,,,
2003-09-01,,,,,,,242688,,,,
1998-09-01,,,,,,,152443,,,,
2013-11-01,,,,,,,544877,,,,
2014-02-01,,,,,,,646126,,,,
2013-09-01,,,,,,,527708,,,,
2022-12-01,,,,,,,894053,,,,
2020-10-01,,,,,,,821580,,,,
1999-10-01,,,,,,,163064,,,,
2008-11-01,,,,,,,395245,,,,
2023-02-01,,,,,,,809712,,,,
2023-08-01,,,,,,,958318,,,,
2020-04-01,,,,,,,915005,,,,
2015-05-01,,,,,,,760259,,,,
2011-02-01,,,,,,,502463,,,,
1998-08-01,,,,,,,148647,,,,
2008-01-01,,,,,,,470770,,,,
2013-08-01,,,,,,,643491,,,,
2003-03-01,,,,,,,291373,,,,
2006-06-01,,,,,,,304305,,,,
1999-02-01,,,,,,,164170,,,,
1998-11-01,,,,,,,152027,,,,
2002-06-01,,,,,,,252612,,,,
2003-04-01,,,,,,,294578,,,,
2007-03-01,,,,,,,402236,,,,
2014-07-01,,,,,,,721791,,,,
2012-10-01,,,,,,,519919,,,,
2015-07-01,,,,,,,776431,,,,
2021-01-01,,,,,,,751557,,,,
2021-05-01,,,,,,,729398,,,,
2014-05-01,,,,,,,680339,,,,
1999-05-01,,,,,,,190597,,,,
2004-11-01,,,,,,,332400,,,,
2023-11-01,,,,,,,859433,,,,
2024-02-01,,,,,,,836683,,,,
2024-06-01,,,,,,,804816,,,,
2006-02-01,,,,,,,322963,,,,
2022-07-01,,,,,,,876144,,,,
2009-07-01,,,,,,,378113,,,,
2010-12-01,,,,,,,443620,,,,
2022-03-01,,,,,,,885722,,,,
2018-11-01,,,,,,,761851,,,,
2005-05-01,,,,,,,310791,,,,
2021-02-01,,,,,,,710700,,,,
2022-06-01,,,,,,,881953,,,,
2007-11-01,,,,,,,449784,,,,
2008-05-01,,,,,,,388837,,,,
2006-09-01,,,,,,,376667,,,,
2003-05-01,,,,,,,284286,,,,
2011-01-01,,,,,,,441017,,,,
2001-10-01,,,,,,,263283,,,,
2011-09-01,,,,,,,434590,,,,
2019-07-01,,,,,,,752950,,,,
2023-06-01,,,,,,,978216,,,,
1999-01-01,,,,,,,148807,,,,
2001-01-01,,,,,,,283588,,,,
1999-11-01,,,,,,,174699,,,,
2009-06-01,,,,,,,347864,,,,
2016-11-01,,,,,,,815993,,,,
2000-11-01,,,,,,,320986,,,,
2009-03-01,,,,,,,398288,,,,
2016-12-01,,,,,,,809150,,,,
2017-01-01,,,,,,,817654,,,,
2019-05-01,,,,,,,717240,,,,
2022-02-01,,,,,,,959272,,,,
2022-09-01,,,,,,,906672,,,,
2007-02-01,,,,,,,398529,,,,
2001-02-01,,,,,,,197675,,,,
2006-08-01,,,,,,,357615,,,,
2008-07-01,,,,,,,441335,,,,
2002-10-01,,,,,,,271369,,,,
2020-06-01,,,,,,,868250,,,,
2006-01-01,,,,,,,315461,,,,
2016-03-01,,,,,,,791975,,,,
2012-09-01,,,,,,,524102,,,,
2001-12-01,,,,,,,361420,,,,
2015-04-01,,,,,,,726682,,,,
2020-08-01,,,,,,,825164,,,,
2017-12-01,,,,,,,775722,,,,
2016-09-01,,,,,,,777892,,,,
2004-06-01,,,,,,,296812,,,,
2017-03-01,,,,,,,851416,,,,
2018-09-01,,,,,,,797968,,,,
2014-09-01,,,,,,,751066,,,,
2023-10-01,,,,,,,873306,,,,
2001-03-01,,,,,,,188592,,,,
2007-06-01,,,,,,,435063,,,,
2019-01-01,,,,,,,862529,,,,
2004-05-01,,,,,,,279493,,,,
2023-04-01,,,,,,,835938,,,,
2021-12-01,,,,,,,1002903,,,,
2024-07-01,,,,,,,751740,,,,
2006-05-01,,,,,,,312426,,,,
2008-10-01,,,,,,,439001,,,,
2003-12-01,,,,,,,304960,,,,
2010-01-01,,,,,,,463135,,,,
2007-09-01,,,,,,,462426,,,,
2013-04-01,,,,,,,588616,,,,
2014-01-01,,,,,,,622833,,,,
2018-05-01,,,,,,,793436,,,,
2004-08-01,,,,,,,306457,,,,
2011-11-01,,,,,,,477266,,,,
2005-01-01,,,,,,,329693,,,,
2019-10-01,,,,,,,817265,,,,
2017-06-01,,,,,,,928317,,,,
2007-10-01,,,,,,,455356,,,,
2013-12-01,,,,,,,613269,,,,
2008-12-01,,,,,,,386288,,,,
2019-03-01,,,,,,,850428,,,,
2004-07-01,,,,,,,297680,,,,
2024-04-01,,,,,,,807040,,,,
2007-12-01,,,,,,,463205,,,,
2007-08-01,,,,,,,472767,,,,
2005-02-01,,,,,,,288271,,,,
2020-07-01,,,,,,,784073,,,,
2017-07-01,,,,,,,852500,,,,
2020-12-01,,,,,,,795146,,,,
2000-05-01,,,,,,,174589,,,,
2001-09-01,,,,,,,229269,,,,
2005-12-01,,,,,,,338917,,,,
2006-04-01,,,,,,,318874,,,,
2009-04-01,,,,,,,344516,,,,
2009-08-01,,,,,,,359582,,,,
2010-02-01,,,,,,,489097,,,,
2015-12-01,,,,,,,710815,,,,
1997-12-01,,,,,,,129705,,,,
2012-08-01,,,,,,,494417,,,,
1999-08-01,,,,,,,160464,,,,
2001-07-01,,,,,,,230167,,,,
2010-05-01,,,,,,,453614,,,,
2017-11-01,,,,,,,787921,,,,
2009-05-01,,,,,,,372589,,,,
2008-03-01,,,,,,,403919,,,,
2021-11-01,,,,,,,891513,,,,
2005-10-01,,,,,,,338129,,,,
2018-03-01,,,,,,,738167,,,,
2018-10-01,,,,,,,800475,,,,
2007-07-01,,,,,,,466256,,,,
2017-05-01,,,,,,,937307,,,,
2011-12-01,,,,,,,494721,,,,
2015-03-01,,,,,,,764602,,,,
1999-07-01,,,,,,,163624,,,,
2003-10-01,,,,,,,252466,,,,
2014-06-01,,,,,,,694924,,,,
2010-08-01,,,,,,,441173,,,,
2016-01-01,,,,,,,734273,,,,
2014-04-01,,,,,,,662998,,,,
2018-08-01,,,,,,,781319,,,,
2023-12-01,,,,,,,803747,,,,
2024-03-01,,,,,,,828034,,,,
1999-04-01,,,,,,,190681,,,,
2003-06-01,,,,,,,266682,,,,
2004-01-01,,,,,,,326273,,,,
2000-09-01,,,,,,,222606,,,,
2011-04-01,,,,,,,514747,,,,
2011-10-01,,,,,,,448535,,,,
2011-03-01,,,,,,,473880,,,,
2013-02-01,,,,,,,497452,,,,
2020-01-01,,,,,,,771196,,,,
2003-08-01,,,,,,,244966,,,,
2014-08-01,,,,,,,758902,,,,
2012-12-01,,,,,,,489801,,,,
2005-09-01,,,,,,,310257,,,,
2019-02-01,,,,,,,891344,,,,
2021-03-01,,,,,,,701469,,,,
2002-09-01,,,,,,,276454,,,,
2012-01-01,,,,,,,524008,,,,
2021-04-01,,,,,,,719253,,,,
2013-01-01,,,,,,,463805,,,,
2015-11-01,,,,,,,739225,,,,
1999-06-01,,,,,,,185505,,,,
2000-12-01,,,,,,,314014,,,,
2010-04-01,,,,,,,456922,,,,
2014-12-01,,,,,,,771083,,,,
2015-01-01,,,,,,,780970,,,,
2013-06-01,,,,,,,660321,,,,
2022-10-01,,,,,,,916789,,,,
1998-07-01,,,,,,,140050,,,,
2007-01-01,,,,,,,360095,,,,
2024-01-01,,,,,,,834221,,,,
2013-10-01,,,,,,,525500,,,,
2023-07-01,,,,,,,1007372,,,,
2002-05-01,,,,,,,226811,,,,
2016-10-01,,,,,,,790055,,,,
2002-03-01,,,,,,,253155,,,,
2003-02-01,,,,,,,263459,,,,
2005-08-01,,,,,,,304714,,,,
2011-06-01,,,,,,,465117,,,,
2009-01-01,,,,,,,399397,,,,
2003-07-01,,,,,,,259690,,,,
2021-06-01,,,,,,,750722,,,,
2016-07-01,,,,,,,908757,,,,
2001-05-01,,,,,,,222929,,,,
2004-08-01,,,,,,,,234836,,,
2002-08-01,,,,,,,,195333,,,
2021-05-01,,,,,,,,488226,,,
2003-05-01,,,,,,,,210583,,,
2015-04-01,,,,,,,,410445,,,
2005-08-01,,,,,,,,237971,,,
2015-05-01,,,,,,,,415817,,,
2002-06-01,,,,,,,,186038,,,
2016-02-01,,,,,,,,457759,,,
2003-09-01,,,,,,,,212901,,,
2011-10-01,,,,,,,,292267,,,
2001-12-01,,,,,,,,167693,,,
2001-04-01,,,,,,,,152865,,,
2011-11-01,,,,,,,,291036,,,
2015-10-01,,,,,,,,440484,,,
2007-02-01,,,,,,,,270780,,,
2009-12-01,,,,,,,,270118,,,
2004-11-01,,,,,,,,234718,,,
2017-04-01,,,,,,,,479790,,,
2010-01-01,,,,,,,,279724,,,
2001-05-01,,,,,,,,157156,,,
2020-08-01,,,,,,,,489424,,,
2004-10-01,,,,,,,,232287,,,
2018-10-01,,,,,,,,480057,,,
2019-07-01,,,,,,,,478505,,,
2007-10-01,,,,,,,,298559,,,
1999-08-01,,,,,,,,119358,,,
2023-03-01,,,,,,,,518761,,,
2014-03-01,,,,,,,,361400,,,
2023-11-01,,,,,,,,511658,,,
1998-05-01,,,,,,,,101077,,,
2012-06-01,,,,,,,,306823,,,
2005-03-01,,,,,,,,231263,,,
1998-02-01,,,,,,,,96944,,,
2015-02-01,,,,,,,,404773,,,
2006-02-01,,,,,,,,239115,,,
2016-05-01,,,,,,,,467485,,,
2016-09-01,,,,,,,,471767,,,
2019-03-01,,,,,,,,464162,,,
2019-10-01,,,,,,,,472668,,,
2006-10-01,,,,,,,,259115,,,
2014-08-01,,,,,,,,404754,,,
1999-04-01,,,,,,,,109621,,,
2022-07-01,,,,,,,,537349,,,
2013-10-01,,,,,,,,340045,,,
2017-06-01,,,,,,,,480152,,,
2022-05-01,,,,,,,,517844,,,
2012-05-01,,,,,,,,304081,,,
2009-03-01,,,,,,,,247264,,,
2017-05-01,,,,,,,,480902,,,
2011-02-01,,,,,,,,285227,,,
2019-05-01,,,,,,,,463628,,,
2023-02-01,,,,,,,,526714,,,
2012-08-01,,,,,,,,310043,,,
1998-04-01,,,,,,,,101287,,,
2024-07-01,,,,,,,,525373,,,
1999-01-01,,,,,,,,105695,,,
2007-01-01,,,,,,,,267658,,,
2003-07-01,,,,,,,,213806,,,
2012-11-01,,,,,,,,308540,,,
2007-11-01,,,,,,,,297648,,,
2013-08-01,,,,,,,,335743,,,
2010-11-01,,,,,,,,282290,,,
2020-01-01,,,,,,,,475948,,,
2012-12-01,,,,,,,,313744,,,
2013-12-01,,,,,,,,352028,,,
2016-06-01,,,,,,,,468120,,,
2004-04-01,,,,,,,,225863,,,
2001-07-01,,,,,,,,161122,,,
2016-07-01,,,,,,,,475530,,,
2024-02-01,,,,,,,,508466,,,
2022-03-01,,,,,,,,514202,,,
2003-03-01,,,,,,,,205573,,,
2014-10-01,,,,,,,,402300,,,
2008-01-01,,,,,,,,298596,,,
2010-12-01,,,,,,,,285353,,,
2017-07-01,,,,,,,,488527,,,
2018-06-01,,,,,,,,479931,,,
2009-05-01,,,,,,,,249991,,,
2010-02-01,,,,,,,,278753,,,
2011-05-01,,,,,,,,284722,,,
2000-04-01,,,,,,,,140670,,,
2005-05-01,,,,,,,,235685,,,
2019-12-01,,,,,,,,479153,,,
2024-01-01,,,,,,,,513267,,,
2009-02-01,,,,,,,,249847,,,
2011-09-01,,,,,,,,295358,,,
2016-03-01,,,,,,,,464647,,,
2008-10-01,,,,,,,,266999,,,
2018-02-01,,,,,,,,477860,,,
2002-11-01,,,,,,,,202527,,,
2001-01-01,,,,,,,,149543,,,
2007-06-01,,,,,,,,285958,,,
2006-07-01,,,,,,,,253883,,,
2022-12-01,,,,,,,,534662,,,
2003-10-01,,,,,,,,214608,,,
2005-06-01,,,,,,,,235899,,,
2005-12-01,,,,,,,,238377,,,
2006-03-01,,,,,,,,241380,,,
2013-02-01,,,,,,,,313550,,,
2013-07-01,,,,,,,,332988,,,
2010-09-01,,,,,,,,290093,,,
2009-11-01,,,,,,,,266837,,,
2006-09-01,,,,,,,,257541,,,
2015-03-01,,,,,,,,404706,,,
1998-11-01,,,,,,,,104259,,,
2020-10-01,,,,,,,,486212,,,
2022-10-01,,,,,,,,536121,,,
2020-05-01,,,,,,,,473225,,,
2012-01-01,,,,,,,,294360,,,
2018-09-01,,,,,,,,476545,,,
2020-02-01,,,,,,,,474480,,,
2023-06-01,,,,,,,,519457,,,
2008-12-01,,,,,,,,253881,,,
2021-02-01,,,,,,,,490544,,,
2018-07-01,,,,,,,,484724,,,
2021-07-01,,,,,,,,494873,,,
2024-05-01,,,,,,,,513126,,,
2001-02-01,,,,,,,,149776,,,
2000-05-01,,,,,,,,140862,,,
1999-05-01,,,,,,,,111216,,,
2010-04-01,,,,,,,,281981,,,
2007-03-01,,,,,,,,273479,,,
2003-11-01,,,,,,,,215556,,,
2001-09-01,,,,,,,,164820,,,
2010-10-01,,,,,,,,286131,,,
2011-06-01,,,,,,,,285906,,,
1999-03-01,,,,,,,,107398,,,
2017-12-01,,,,,,,,476848,,,
2004-06-01,,,,,,,,230156,,,
2005-10-01,,,,,,,,234298,,,
2018-05-01,,,,,,,,478485,,,
2021-10-01,,,,,,,,504044,,,
2010-05-01,,,,,,,,281762,,,
2008-09-01,,,,,,,,276487,,,
2012-07-01,,,,,,,,308962,,,
2021-04-01,,,,,,,,488928,,,
2024-04-01,,,,,,,,510393,,,
2004-05-01,,,,,,,,227330,,,
2017-11-01,,,,,,,,476290,,,
2000-06-01,,,,,,,,143542,,,
2004-09-01,,,,,,,,234134,,,
2016-12-01,,,,,,,,472374,,,
2015-01-01,,,,,,,,402847,,,
2020-09-01,,,,,,,,493205,,,
2021-03-01,,,,,,,,499098,,,
2005-07-01,,,,,,,,237872,,,
2023-01-01,,,,,,,,533247,,,
2010-08-01,,,,,,,,290646,,,
2005-02-01,,,,,,,,231321,,,
1998-10-01,,,,,,,,104179,,,
2022-01-01,,,,,,,,514346,,,
2022-08-01,,,,,,,,543009,,,
2011-04-01,,,,,,,,293993,,,
2021-06-01,,,,,,,,502730,,,
2012-02-01,,,,,,,,292381,,,
2023-09-01,,,,,,,,528420,,,
2012-09-01,,,,,,,,308469,,,
2015-08-01,,,,,,,,436152,,,
2024-06-01,,,,,,,,518284,,,
2009-01-01,,,,,,,,253093,,,
2023-07-01,,,,,,,,522817,,,
2002-05-01,,,,,,,,182805,,,
2002-12-01,,,,,,,,203437,,,
2007-12-01,,,,,,,,297994,,,
2008-08-01,,,,,,,,281721,,,
2019-02-01,,,,,,,,466068,,,
2008-11-01,,,,,,,,258647,,,
2008-03-01,,,,,,,,293605,,,
2010-06-01,,,,,,,,284541,,,
2001-11-01,,,,,,,,167214,,,
2013-11-01,,,,,,,,343749,,,
2014-04-01,,,,,,,,375337,,,
2021-11-01,,,,,,,,511555,,,
2022-02-01,,,,,,,,514749,,,
2023-12-01,,,,,,,,512000,,,
2002-09-01,,,,,,,,197045,,,
2004-03-01,,,,,,,,221324,,,
2020-04-01,,,,,,,,476159,,,
2024-03-01,,,,,,,,506534,,,
2005-09-01,,,,,,,,236916,,,
2003-02-01,,,,,,,,206464,,,
2008-05-01,,,,,,,,295163,,,
2017-01-01,,,,,,,,475619,,,
2019-09-01,,,,,,,,477146,,,
2006-08-01,,,,,,,,256704,,,
2019-01-01,,,,,,,,470067,,,
2011-01-01,,,,,,,,287983,,,
2001-03-01,,,,,,,,150941,,,
2011-03-01,,,,,,,,287092,,,
2018-12-01,,,,,,,,473252,,,
2000-03-01,,,,,,,,134286,,,
1997-12-01,,,,,,,,96863,,,
1998-03-01,,,,,,,,98934,,,
2014-12-01,,,,,,,,402898,,,
2017-02-01,,,,,,,,476717,,,
2002-01-01,,,,,,,,169841,,,
1999-09-01,,,,,,,,122611,,,
2000-09-01,,,,,,,,147316,,,
2000-02-01,,,,,,,,132705,,,
2007-09-01,,,,,,,,298414,,,
2020-07-01,,,,,,,,483830,,,
2021-09-01,,,,,,,,506165,,,
2008-04-01,,,,,,,,294346,,,
2006-04-01,,,,,,,,245474,,,
2007-05-01,,,,,,,,282726,,,
2018-01-01,,,,,,,,479772,,,
2022-09-01,,,,,,,,541150,,,
2024-08-01,,,,,,,,533030,,,
2008-02-01,,,,,,,,295700,,,
1998-01-01,,,,,,,,97914,,,
2003-06-01,,,,,,,,208941,,,
2001-06-01,,,,,,,,158760,,,
2004-01-01,,,,,,,,218855,,,
2023-08-01,,,,,,,,523682,,,
2011-12-01,,,,,,,,292284,,,
2000-12-01,,,,,,,,147483,,,
2018-03-01,,,,,,,,472357,,,
2006-01-01,,,,,,,,239846,,,
2010-03-01,,,,,,,,280472,,,
2019-04-01,,,,,,,,469537,,,
2002-02-01,,,,,,,,170502,,,
2020-11-01,,,,,,,,494552,,,
2002-10-01,,,,,,,,199092,,,
2015-12-01,,,,,,,,450053,,,
2021-08-01,,,,,,,,509859,,,
2006-12-01,,,,,,,,264494,,,
2023-10-01,,,,,,,,518538,,,
1998-07-01,,,,,,,,104368,,,
1999-07-01,,,,,,,,117033,,,
2003-08-01,,,,,,,,212692,,,
2008-06-01,,,,,,,,290100,,,
2002-04-01,,,,,,,,178218,,,
2002-07-01,,,,,,,,191162,,,
2010-07-01,,,,,,,,292772,,,
2011-08-01,,,,,,,,294903,,,
2013-05-01,,,,,,,,322324,,,
2013-03-01,,,,,,,,312289,,,
2003-12-01,,,,,,,,216971,,,
2006-11-01,,,,,,,,258814,,,
2013-06-01,,,,,,,,324518,,,
2014-06-01,,,,,,,,387182,,,
2015-07-01,,,,,,,,431644,,,
2017-03-01,,,,,,,,475442,,,
2018-04-01,,,,,,,,477253,,,
1999-12-01,,,,,,,,127918,,,
1998-09-01,,,,,,,,104611,,,
2012-03-01,,,,,,,,290379,,,
2018-11-01,,,,,,,,474347,,,
2005-04-01,,,,,,,,235367,,,
2021-01-01,,,,,,,,494231,,,
2021-12-01,,,,,,,,511732,,,
2006-05-01,,,,,,,,247591,,,
2023-05-01,,,,,,,,518330,,,
2009-09-01,,,,,,,,267501,,,
2023-04-01,,,,,,,,520429,,,
2019-11-01,,,,,,,,468757,,,
2019-08-01,,,,,,,,472729,,,
2016-04-01,,,,,,,,461068,,,
2019-06-01,,,,,,,,470519,,,
1999-06-01,,,,,,,,113319,,,
2017-10-01,,,,,,,,481762,,,
2022-11-01,,,,,,,,537554,,,
2009-04-01,,,,,,,,245351,,,
2009-08-01,,,,,,,,262076,,,
2016-10-01,,,,,,,,471008,,,
2003-01-01,,,,,,,,207162,,,
2020-12-01,,,,,,,,494193,,,
2022-04-01,,,,,,,,518204,,,
2004-02-01,,,,,,,,219804,,,
2015-06-01,,,,,,,,419474,,,
1998-08-01,,,,,,,,104078,,,
2000-11-01,,,,,,,,147666,,,
2001-10-01,,,,,,,,166189,,,
2005-11-01,,,,,,,,236561,,,
2012-10-01,,,,,,,,310281,,,
2005-01-01,,,,,,,,232422,,,
2014-07-01,,,,,,,,398737,,,
2014-01-01,,,,,,,,355830,,,
2009-06-01,,,,,,,,253596,,,
2000-07-01,,,,,,,,146228,,,
2024-09-01,,,,,,,,527535,,,
2013-01-01,,,,,,,,311364,,,
2022-06-01,,,,,,,,534693,,,
2006-06-01,,,,,,,,251417,,,
2009-07-01,,,,,,,,259793,,,
2001-08-01,,,,,,,,164628,,,
2008-07-01,,,,,,,,290261,,,
2014-09-01,,,,,,,,403670,,,
2000-08-01,,,,,,,,147284,,,
1998-06-01,,,,,,,,102891,,,
2015-11-01,,,,,,,,445485,,,
2016-08-01,,,,,,,,471957,,,
2016-11-01,,,,,,,,470854,,,
1999-11-01,,,,,,,,125792,,,
2007-08-01,,,,,,,,297653,,,
2017-08-01,,,,,,,,487085,,,
2017-09-01,,,,,,,,483833,,,
2014-05-01,,,,,,,,382705,,,
2004-12-01,,,,,,,,230185,,,
2002-03-01,,,,,,,,172749,,,
2018-08-01,,,,,,,,479550,,,
2000-01-01,,,,,,,,130411,,,
2000-10-01,,,,,,,,145626,,,
1998-12-01,,,,,,,,104785,,,
2007-07-01,,,,,,,,295694,,,
2015-09-01,,,,,,,,439729,,,
2009-10-01,,,,,,,,268780,,,
1999-02-01,,,,,,,,105273,,,
2011-07-01,,,,,,,,295843,,,
2020-03-01,,,,,,,,482605,,,
2020-06-01,,,,,,,,479969,,,
2016-01-01,,,,,,,,457466,,,
2003-04-01,,,,,,,,207953,,,
2014-11-01,,,,,,,,400803,,,
2007-04-01,,,,,,,,278805,,,
2012-04-01,,,,,,,,299065,,,
2013-09-01,,,,,,,,340494,,,
1999-10-01,,,,,,,,123002,,,
2014-02-01,,,,,,,,357876,,,
2004-07-01,,,,,,,,233877,,,
2013-04-01,,,,,,,,320921,,,
2004-08-01,,,,,,,,,210563,,
2002-08-01,,,,,,,,,177432,,
2021-05-01,,,,,,,,,419955,,
2003-05-01,,,,,,,,,189359,,
2015-04-01,,,,,,,,,367469,,
2005-08-01,,,,,,,,,213620,,
2015-05-01,,,,,,,,,374213,,
2002-06-01,,,,,,,,,171396,,
2016-02-01,,,,,,,,,403745,,
2003-09-01,,,,,,,,,190449,,
2011-10-01,,,,,,,,,259320,,
2001-12-01,,,,,,,,,153617,,
2001-04-01,,,,,,,,,137996,,
2011-11-01,,,,,,,,,260317,,
2015-10-01,,,,,,,,,389400,,
2007-02-01,,,,,,,,,245120,,
2009-12-01,,,,,,,,,241063,,
2004-11-01,,,,,,,,,211065,,
2017-04-01,,,,,,,,,428541,,
2010-01-01,,,,,,,,,249180,,
2001-05-01,,,,,,,,,142572,,
2020-08-01,,,,,,,,,421646,,
2004-10-01,,,,,,,,,207943,,
2018-10-01,,,,,,,,,420614,,
2019-07-01,,,,,,,,,419875,,
2007-10-01,,,,,,,,,270658,,
1999-08-01,,,,,,,,,105931,,
2023-03-01,,,,,,,,,436724,,
2014-03-01,,,,,,,,,326778,,
2023-11-01,,,,,,,,,427283,,
1998-05-01,,,,,,,,,88700,,
2012-06-01,,,,,,,,,274239,,
2005-03-01,,,,,,,,,207511,,
1998-02-01,,,,,,,,,85674,,
2015-02-01,,,,,,,,,363574,,
2006-02-01,,,,,,,,,214773,,
2016-05-01,,,,,,,,,414351,,
2016-09-01,,,,,,,,,416967,,
2019-03-01,,,,,,,,,406906,,
2019-10-01,,,,,,,,,411266,,
2006-10-01,,,,,,,,,233036,,
2014-08-01,,,,,,,,,362768,,
1999-04-01,,,,,,,,,96874,,
2022-07-01,,,,,,,,,450930,,
2013-10-01,,,,,,,,,305736,,
2017-06-01,,,,,,,,,428001,,
2022-05-01,,,,,,,,,434569,,
2012-05-01,,,,,,,,,271470,,
2009-03-01,,,,,,,,,225466,,
2017-05-01,,,,,,,,,430111,,
2011-02-01,,,,,,,,,253953,,
2019-05-01,,,,,,,,,404483,,
2023-02-01,,,,,,,,,440510,,
2012-08-01,,,,,,,,,275527,,
1998-04-01,,,,,,,,,89317,,
2024-07-01,,,,,,,,,432490,,
1999-01-01,,,,,,,,,93692,,
2007-01-01,,,,,,,,,240937,,
2003-07-01,,,,,,,,,192154,,
2012-11-01,,,,,,,,,275027,,
2007-11-01,,,,,,,,,268479,,
2013-08-01,,,,,,,,,299890,,
2010-11-01,,,,,,,,,250196,,
2020-01-01,,,,,,,,,416550,,
2012-12-01,,,,,,,,,280600,,
2013-12-01,,,,,,,,,319009,,
2016-06-01,,,,,,,,,413275,,
2004-04-01,,,,,,,,,202365,,
2001-07-01,,,,,,,,,145315,,
2016-07-01,,,,,,,,,418347,,
2024-02-01,,,,,,,,,423797,,
2022-03-01,,,,,,,,,435545,,
2003-03-01,,,,,,,,,185407,,
2014-10-01,,,,,,,,,360746,,
2008-01-01,,,,,,,,,269578,,
2010-12-01,,,,,,,,,253763,,
2017-07-01,,,,,,,,,434837,,
2018-06-01,,,,,,,,,421188,,
2009-05-01,,,,,,,,,227052,,
2010-02-01,,,,,,,,,247719,,
2011-05-01,,,,,,,,,254026,,
2000-04-01,,,,,,,,,126608,,
2005-05-01,,,,,,,,,211479,,
2019-12-01,,,,,,,,,418382,,
2024-01-01,,,,,,,,,428419,,
2009-02-01,,,,,,,,,226949,,
2011-09-01,,,,,,,,,262610,,
2016-03-01,,,,,,,,,412842,,
2008-10-01,,,,,,,,,242805,,
2018-02-01,,,,,,,,,423537,,
2002-11-01,,,,,,,,,184228,,
2001-01-01,,,,,,,,,134820,,
2007-06-01,,,,,,,,,258918,,
2006-07-01,,,,,,,,,226972,,
2022-12-01,,,,,,,,,445268,,
2003-10-01,,,,,,,,,192263,,
2005-06-01,,,,,,,,,211100,,
2005-12-01,,,,,,,,,215567,,
2006-03-01,,,,,,,,,216507,,
2013-02-01,,,,,,,,,280689,,
2013-07-01,,,,,,,,,298764,,
2010-09-01,,,,,,,,,256612,,
2009-11-01,,,,,,,,,238347,,
2006-09-01,,,,,,,,,231214,,
2015-03-01,,,,,,,,,363615,,
1998-11-01,,,,,,,,,91965,,
2020-10-01,,,,,,,,,415993,,
2022-10-01,,,,,,,,,446431,,
2020-05-01,,,,,,,,,411283,,
2012-01-01,,,,,,,,,262346,,
2018-09-01,,,,,,,,,416752,,
2020-02-01,,,,,,,,,411015,,
2023-06-01,,,,,,,,,435057,,
2008-12-01,,,,,,,,,228422,,
2021-02-01,,,,,,,,,423950,,
2018-07-01,,,,,,,,,424322,,
2021-07-01,,,,,,,,,432437,,
2024-05-01,,,,,,,,,425935,,
2001-02-01,,,,,,,,,134244,,
2000-05-01,,,,,,,,,125794,,
1999-05-01,,,,,,,,,99033,,
2010-04-01,,,,,,,,,251899,,
2007-03-01,,,,,,,,,246442,,
2003-11-01,,,,,,,,,193463,,
2001-09-01,,,,,,,,,149093,,
2010-10-01,,,,,,,,,253754,,
2011-06-01,,,,,,,,,256336,,
1999-03-01,,,,,,,,,95485,,
2017-12-01,,,,,,,,,421917,,
2004-06-01,,,,,,,,,207895,,
2005-10-01,,,,,,,,,209507,,
2018-05-01,,,,,,,,,420076,,
2021-10-01,,,,,,,,,428773,,
2010-05-01,,,,,,,,,250835,,
2008-09-01,,,,,,,,,250460,,
2012-07-01,,,,,,,,,275099,,
2021-04-01,,,,,,,,,420904,,
2024-04-01,,,,,,,,,424315,,
2004-05-01,,,,,,,,,204628,,
2017-11-01,,,,,,,,,421807,,
2000-06-01,,,,,,,,,128870,,
2004-09-01,,,,,,,,,209748,,
2016-12-01,,,,,,,,,419937,,
2015-01-01,,,,,,,,,361840,,
2020-09-01,,,,,,,,,425218,,
2021-03-01,,,,,,,,,434022,,
2005-07-01,,,,,,,,,212892,,
2023-01-01,,,,,,,,,444922,,
2010-08-01,,,,,,,,,257356,,
2005-02-01,,,,,,,,,207548,,
1998-10-01,,,,,,,,,91844,,
2022-01-01,,,,,,,,,436717,,
2022-08-01,,,,,,,,,454090,,
2011-04-01,,,,,,,,,264752,,
2021-06-01,,,,,,,,,431135,,
2012-02-01,,,,,,,,,257937,,
2023-09-01,,,,,,,,,441197,,
2012-09-01,,,,,,,,,274948,,
2015-08-01,,,,,,,,,387978,,
2024-06-01,,,,,,,,,430830,,
2009-01-01,,,,,,,,,229353,,
2023-07-01,,,,,,,,,433432,,
2002-05-01,,,,,,,,,166997,,
2002-12-01,,,,,,,,,184471,,
2007-12-01,,,,,,,,,270329,,
2008-08-01,,,,,,,,,253968,,
2019-02-01,,,,,,,,,407751,,
2008-11-01,,,,,,,,,233135,,
2008-03-01,,,,,,,,,264226,,
2010-06-01,,,,,,,,,253666,,
2001-11-01,,,,,,,,,151527,,
2013-11-01,,,,,,,,,309270,,
2014-04-01,,,,,,,,,337738,,
2021-11-01,,,,,,,,,437646,,
2022-02-01,,,,,,,,,438917,,
2023-12-01,,,,,,,,,428239,,
2002-09-01,,,,,,,,,178855,,
2004-03-01,,,,,,,,,199326,,
2020-04-01,,,,,,,,,412702,,
2024-03-01,,,,,,,,,423133,,
2005-09-01,,,,,,,,,211176,,
2003-02-01,,,,,,,,,186523,,
2008-05-01,,,,,,,,,266306,,
2017-01-01,,,,,,,,,421834,,
2019-09-01,,,,,,,,,418324,,
2006-08-01,,,,,,,,,230115,,
2019-01-01,,,,,,,,,410934,,
2011-01-01,,,,,,,,,255214,,
2001-03-01,,,,,,,,,136351,,
2011-03-01,,,,,,,,,257165,,
2018-12-01,,,,,,,,,415052,,
2000-03-01,,,,,,,,,119340,,
1997-12-01,,,,,,,,,84874,,
1998-03-01,,,,,,,,,87389,,
2014-12-01,,,,,,,,,362322,,
2017-02-01,,,,,,,,,427256,,
2002-01-01,,,,,,,,,153883,,
1999-09-01,,,,,,,,,109954,,
2000-09-01,,,,,,,,,132409,,
2000-02-01,,,,,,,,,118641,,
2007-09-01,,,,,,,,,270506,,
2020-07-01,,,,,,,,,419846,,
2021-09-01,,,,,,,,,431616,,
2008-04-01,,,,,,,,,265191,,
2006-04-01,,,,,,,,,220453,,
2007-05-01,,,,,,,,,256149,,
2018-01-01,,,,,,,,,425766,,
2022-09-01,,,,,,,,,451633,,
2024-08-01,,,,,,,,,443684,,
2008-02-01,,,,,,,,,267322,,
1998-01-01,,,,,,,,,85657,,
2003-06-01,,,,,,,,,188717,,
2001-06-01,,,,,,,,,144946,,
2004-01-01,,,,,,,,,196490,,
2023-08-01,,,,,,,,,434347,,
2011-12-01,,,,,,,,,261000,,
2000-12-01,,,,,,,,,133575,,
2018-03-01,,,,,,,,,416546,,
2006-01-01,,,,,,,,,214584,,
2010-03-01,,,,,,,,,250903,,
2019-04-01,,,,,,,,,411728,,
2002-02-01,,,,,,,,,154884,,
2020-11-01,,,,,,,,,422998,,
2002-10-01,,,,,,,,,179988,,
2015-12-01,,,,,,,,,398893,,
2021-08-01,,,,,,,,,438023,,
2006-12-01,,,,,,,,,238180,,
2023-10-01,,,,,,,,,435187,,
1998-07-01,,,,,,,,,91489,,
1999-07-01,,,,,,,,,103599,,
2003-08-01,,,,,,,,,190918,,
2008-06-01,,,,,,,,,260848,,
2002-04-01,,,,,,,,,163549,,
2002-07-01,,,,,,,,,173793,,
2010-07-01,,,,,,,,,259349,,
2011-08-01,,,,,,,,,261746,,
2013-05-01,,,,,,,,,288559,,
2013-03-01,,,,,,,,,278831,,
2003-12-01,,,,,,,,,196159,,
2006-11-01,,,,,,,,,231582,,
2013-06-01,,,,,,,,,290694,,
2014-06-01,,,,,,,,,349362,,
2015-07-01,,,,,,,,,385416,,
2017-03-01,,,,,,,,,422917,,
2018-04-01,,,,,,,,,420315,,
1999-12-01,,,,,,,,,115071,,
1998-09-01,,,,,,,,,91626,,
2012-03-01,,,,,,,,,259216,,
2018-11-01,,,,,,,,,414526,,
2005-04-01,,,,,,,,,211199,,
2021-01-01,,,,,,,,,426340,,
2021-12-01,,,,,,,,,435184,,
2006-05-01,,,,,,,,,223018,,
2023-05-01,,,,,,,,,437027,,
2009-09-01,,,,,,,,,241515,,
2023-04-01,,,,,,,,,435822,,
2019-11-01,,,,,,,,,405653,,
2019-08-01,,,,,,,,,409829,,
2016-04-01,,,,,,,,,407094,,
2019-06-01,,,,,,,,,410734,,
1999-06-01,,,,,,,,,100255,,
2017-10-01,,,,,,,,,426315,,
2022-11-01,,,,,,,,,446961,,
2009-04-01,,,,,,,,,222092,,
2009-08-01,,,,,,,,,234400,,
2016-10-01,,,,,,,,,417532,,
2003-01-01,,,,,,,,,186926,,
2020-12-01,,,,,,,,,421321,,
2022-04-01,,,,,,,,,438408,,
2004-02-01,,,,,,,,,196693,,
2015-06-01,,,,,,,,,373769,,
1998-08-01,,,,,,,,,91022,,
2000-11-01,,,,,,,,,133810,,
2001-10-01,,,,,,,,,149680,,
2005-11-01,,,,,,,,,211694,,
2012-10-01,,,,,,,,,277248,,
2005-01-01,,,,,,,,,208376,,
2014-07-01,,,,,,,,,357492,,
2014-01-01,,,,,,,,,320787,,
2009-06-01,,,,,,,,,229061,,
2000-07-01,,,,,,,,,130434,,
2024-09-01,,,,,,,,,437656,,
2013-01-01,,,,,,,,,277251,,
2022-06-01,,,,,,,,,450322,,
2006-06-01,,,,,,,,,226295,,
2009-07-01,,,,,,,,,233071,,
2001-08-01,,,,,,,,,149188,,
2008-07-01,,,,,,,,,262734,,
2014-09-01,,,,,,,,,362757,,
2000-08-01,,,,,,,,,132453,,
1998-06-01,,,,,,,,,90979,,
2015-11-01,,,,,,,,,395612,,
2016-08-01,,,,,,,,,415648,,
2016-11-01,,,,,,,,,418660,,
1999-11-01,,,,,,,,,111981,,
2007-08-01,,,,,,,,,269035,,
2017-08-01,,,,,,,,,432209,,
2017-09-01,,,,,,,,,428892,,
2014-05-01,,,,,,,,,345723,,
2004-12-01,,,,,,,,,206756,,
2002-03-01,,,,,,,,,157187,,
2018-08-01,,,,,,,,,420693,,
2000-01-01,,,,,,,,,115506,,
2000-10-01,,,,,,,,,129962,,
1998-12-01,,,,,,,,,92440,,
2007-07-01,,,,,,,,,266890,,
2015-09-01,,,,,,,,,392127,,
2009-10-01,,,,,,,,,240658,,
1999-02-01,,,,,,,,,93355,,
2011-07-01,,,,,,,,,265623,,
2020-03-01,,,,,,,,,421036,,
2020-06-01,,,,,,,,,414734,,
2016-01-01,,,,,,,,,405793,,
2003-04-01,,,,,,,,,188347,,
2014-11-01,,,,,,,,,358450,,
2007-04-01,,,,,,,,,251019,,
2012-04-01,,,,,,,,,267993,,
2013-09-01,,,,,,,,,306464,,
1999-10-01,,,,,,,,,109870,,
2014-02-01,,,,,,,,,323086,,
2004-07-01,,,,,,,,,209501,,
2013-04-01,,,,,,,,,288624,,
2000-10-01,,,,,,,,,,83261,
2004-04-01,,,,,,,,,,147250,
2016-10-01,,,,,,,,,,229944,
2018-03-01,,,,,,,,,,240428,
1999-06-01,,,,,,,,,,69428,
2005-06-01,,,,,,,,,,164069,
2006-02-01,,,,,,,,,,166896,
2000-12-01,,,,,,,,,,84191,
2008-03-01,,,,,,,,,,188657,
2017-05-01,,,,,,,,,,236727,
2010-01-01,,,,,,,,,,174458,
2013-08-01,,,,,,,,,,185642,
2005-08-01,,,,,,,,,,166440,
2017-09-01,,,,,,,,,,242041,
2014-06-01,,,,,,,,,,197951,
2014-02-01,,,,,,,,,,189347,
1999-08-01,,,,,,,,,,71699,
2004-07-01,,,,,,,,,,156730,
2019-12-01,,,,,,,,,,248097,
2014-05-01,,,,,,,,,,196171,
2014-11-01,,,,,,,,,,202704,
1998-09-01,,,,,,,,,,65606,
2011-02-01,,,,,,,,,,173811,
2018-06-01,,,,,,,,,,244962,
2003-07-01,,,,,,,,,,132318,
2016-06-01,,,,,,,,,,228430,
1999-05-01,,,,,,,,,,68402,
2011-04-01,,,,,,,,,,175490,
2018-07-01,,,,,,,,,,247981,
1998-08-01,,,,,,,,,,65743,
1999-09-01,,,,,,,,,,72816,
2002-10-01,,,,,,,,,,115879,
2007-06-01,,,,,,,,,,190822,
2001-11-01,,,,,,,,,,95083,
2009-11-01,,,,,,,,,,172818,
1998-02-01,,,,,,,,,,61659,
2016-09-01,,,,,,,,,,230848,
2002-12-01,,,,,,,,,,119982,
2008-10-01,,,,,,,,,,173249,
2019-04-01,,,,,,,,,,244662,
2018-11-01,,,,,,,,,,246940,
2015-06-01,,,,,,,,,,209874,
2020-01-01,,,,,,,,,,247898,
2007-03-01,,,,,,,,,,183712,
2020-02-01,,,,,,,,,,246739,
1998-06-01,,,,,,,,,,64637,
2002-01-01,,,,,,,,,,96215,
2013-04-01,,,,,,,,,,179900,
2000-09-01,,,,,,,,,,83590,
2005-05-01,,,,,,,,,,163064,
2017-07-01,,,,,,,,,,241406,
2011-07-01,,,,,,,,,,177164,
2009-05-01,,,,,,,,,,162740,
2017-03-01,,,,,,,,,,231760,
2011-11-01,,,,,,,,,,175200,
2000-01-01,,,,,,,,,,75219,
2000-04-01,,,,,,,,,,79635,
2016-12-01,,,,,,,,,,231922,
2019-06-01,,,,,,,,,,245846,
2023-03-01,,,,,,,,,,296136,
2017-06-01,,,,,,,,,,238595,
2022-06-01,,,,,,,,,,297750,
2000-05-01,,,,,,,,,,80348,
2017-10-01,,,,,,,,,,242003,
2024-05-01,,,,,,,,,,298181,
2009-06-01,,,,,,,,,,164536,
2023-04-01,,,,,,,,,,296625,
2006-01-01,,,,,,,,,,166544,
2016-04-01,,,,,,,,,,223784,
2000-03-01,,,,,,,,,,77016,
2013-12-01,,,,,,,,,,188544,
2004-08-01,,,,,,,,,,158760,
2003-02-01,,,,,,,,,,121754,
2006-04-01,,,,,,,,,,171129,
2011-12-01,,,,,,,,,,174812,
2018-12-01,,,,,,,,,,246380,
2023-01-01,,,,,,,,,,302729,
2020-11-01,,,,,,,,,,262409,
1998-05-01,,,,,,,,,,64277,
2018-05-01,,,,,,,,,,243445,
2006-07-01,,,,,,,,,,176164,
2023-05-01,,,,,,,,,,296405,
2019-03-01,,,,,,,,,,242982,
2003-11-01,,,,,,,,,,137178,
2016-08-01,,,,,,,,,,231176,
2012-05-01,,,,,,,,,,177026,
2024-01-01,,,,,,,,,,294539,
1998-11-01,,,,,,,,,,65365,
2022-07-01,,,,,,,,,,303480,
2020-08-01,,,,,,,,,,255802,
2001-08-01,,,,,,,,,,93331,
2003-04-01,,,,,,,,,,126239,
2009-12-01,,,,,,,,,,174136,
2021-10-01,,,,,,,,,,275118,
2011-01-01,,,,,,,,,,174442,
2021-07-01,,,,,,,,,,265370,
2007-05-01,,,,,,,,,,188814,
2012-12-01,,,,,,,,,,178406,
2010-05-01,,,,,,,,,,177754,
2012-01-01,,,,,,,,,,174179,
2021-06-01,,,,,,,,,,281876,
2022-01-01,,,,,,,,,,286221,
2009-01-01,,,,,,,,,,162673,
2007-04-01,,,,,,,,,,186711,
2001-03-01,,,,,,,,,,85242,
2006-06-01,,,,,,,,,,174231,
2011-10-01,,,,,,,,,,175171,
2002-03-01,,,,,,,,,,98962,
2018-10-01,,,,,,,,,,247757,
2002-06-01,,,,,,,,,,106811,
2022-11-01,,,,,,,,,,307163,
2022-12-01,,,,,,,,,,305251,
2023-10-01,,,,,,,,,,299901,
2018-01-01,,,,,,,,,,241061,
1999-04-01,,,,,,,,,,67648,
2005-10-01,,,,,,,,,,165637,
2010-11-01,,,,,,,,,,176301,
2014-08-01,,,,,,,,,,203406,
2021-03-01,,,,,,,,,,269460,
2022-04-01,,,,,,,,,,291072,
2024-03-01,,,,,,,,,,293569,
2016-01-01,,,,,,,,,,220361,
2022-09-01,,,,,,,,,,307355,
2024-09-01,,,,,,,,,,308216,
2005-02-01,,,,,,,,,,158609,
2005-09-01,,,,,,,,,,166168,
2015-04-01,,,,,,,,,,205936,
2008-07-01,,,,,,,,,,185844,
2004-06-01,,,,,,,,,,153527,
2021-02-01,,,,,,,,,,266179,
2018-02-01,,,,,,,,,,241989,
2007-10-01,,,,,,,,,,194700,
2015-11-01,,,,,,,,,,218500,
1999-01-01,,,,,,,,,,65766,
2009-07-01,,,,,,,,,,167673,
2014-03-01,,,,,,,,,,190037,
2009-09-01,,,,,,,,,,171214,
2008-05-01,,,,,,,,,,189777,
2008-04-01,,,,,,,,,,189115,
2007-08-01,,,,,,,,,,194328,
2008-11-01,,,,,,,,,,168230,
2014-07-01,,,,,,,,,,200825,
1998-01-01,,,,,,,,,,61902,
2005-04-01,,,,,,,,,,161336,
2005-11-01,,,,,,,,,,166303,
2007-02-01,,,,,,,,,,182397,
2009-04-01,,,,,,,,,,160701,
2015-03-01,,,,,,,,,,203360,
2017-04-01,,,,,,,,,,235021,
2018-04-01,,,,,,,,,,242396,
1998-03-01,,,,,,,,,,62253,
2012-11-01,,,,,,,,,,178662,
2021-04-01,,,,,,,,,,265538,
2023-09-01,,,,,,,,,,301258,
2021-12-01,,,,,,,,,,283638,
2006-08-01,,,,,,,,,,177603,
2007-11-01,,,,,,,,,,194502,
2008-01-01,,,,,,,,,,191750,
2014-10-01,,,,,,,,,,203311,
2015-02-01,,,,,,,,,,203424,
2005-12-01,,,,,,,,,,167244,
2003-06-01,,,,,,,,,,129353,
2014-04-01,,,,,,,,,,194251,
2003-12-01,,,,,,,,,,138985,
2007-01-01,,,,,,,,,,181824,
2016-03-01,,,,,,,,,,222663,
2016-05-01,,,,,,,,,,226370,
2021-09-01,,,,,,,,,,283901,
2023-11-01,,,,,,,,,,297655,
2023-06-01,,,,,,,,,,298247,
2008-08-01,,,,,,,,,,181494,
2004-05-01,,,,,,,,,,150115,
2010-04-01,,,,,,,,,,176796,
2012-07-01,,,,,,,,,,179756,
2019-05-01,,,,,,,,,,244928,
2001-01-01,,,,,,,,,,84377,
2012-04-01,,,,,,,,,,176543,
1998-04-01,,,,,,,,,,63666,
2002-08-01,,,,,,,,,,112832,
2000-07-01,,,,,,,,,,82563,
2001-07-01,,,,,,,,,,91430,
2000-11-01,,,,,,,,,,83546,
1999-07-01,,,,,,,,,,70612,
2002-02-01,,,,,,,,,,96676,
2002-04-01,,,,,,,,,,101355,
2005-01-01,,,,,,,,,,158572,
2010-06-01,,,,,,,,,,178655,
2012-02-01,,,,,,,,,,174161,
2001-04-01,,,,,,,,,,87439,
2001-10-01,,,,,,,,,,94161,
2010-03-01,,,,,,,,,,174765,
2011-08-01,,,,,,,,,,177335,
1999-11-01,,,,,,,,,,74234,
2003-05-01,,,,,,,,,,128299,
2002-07-01,,,,,,,,,,110001,
2006-12-01,,,,,,,,,,182031,
2010-09-01,,,,,,,,,,180231,
2012-08-01,,,,,,,,,,180129,
2014-09-01,,,,,,,,,,203639,
2000-02-01,,,,,,,,,,75630,
2015-09-01,,,,,,,,,,216350,
2016-07-01,,,,,,,,,,230868,
2023-08-01,,,,,,,,,,302595,
2018-09-01,,,,,,,,,,248248,
2024-02-01,,,,,,,,,,293997,
2024-07-01,,,,,,,,,,304702,
2013-01-01,,,,,,,,,,176816,
2001-05-01,,,,,,,,,,88719,
2013-09-01,,,,,,,,,,186082,
2015-10-01,,,,,,,,,,216676,
2004-02-01,,,,,,,,,,140284,
2011-09-01,,,,,,,,,,176783,
2006-09-01,,,,,,,,,,178275,
2014-01-01,,,,,,,,,,188265,
2024-06-01,,,,,,,,,,300513,
2013-07-01,,,,,,,,,,184274,
2012-09-01,,,,,,,,,,179563,
2013-03-01,,,,,,,,,,178189,
2017-12-01,,,,,,,,,,242378,
2010-08-01,,,,,,,,,,180807,
2002-05-01,,,,,,,,,,104458,
2019-01-01,,,,,,,,,,244641,
2011-05-01,,,,,,,,,,174668,
2023-12-01,,,,,,,,,,295113,
2012-10-01,,,,,,,,,,178412,
2013-10-01,,,,,,,,,,185358,
2011-03-01,,,,,,,,,,173046,
2017-08-01,,,,,,,,,,242628,
2005-03-01,,,,,,,,,,159642,
2022-08-01,,,,,,,,,,306412,
2015-05-01,,,,,,,,,,208265,
2003-09-01,,,,,,,,,,133848,
2006-05-01,,,,,,,,,,172699,
2023-02-01,,,,,,,,,,300706,
2024-08-01,,,,,,,,,,309170,
2003-08-01,,,,,,,,,,133896,
2015-01-01,,,,,,,,,,202856,
2010-07-01,,,,,,,,,,180519,
2004-11-01,,,,,,,,,,160330,
2010-02-01,,,,,,,,,,175248,
2021-08-01,,,,,,,,,,274530,
2022-10-01,,,,,,,,,,307152,
2003-01-01,,,,,,,,,,121610,
2023-07-01,,,,,,,,,,301065,
2016-02-01,,,,,,,,,,220627,
2021-05-01,,,,,,,,,,266067,
2020-04-01,,,,,,,,,,246424,
2020-05-01,,,,,,,,,,247499,
2005-07-01,,,,,,,,,,165756,
2010-10-01,,,,,,,,,,178102,
2008-09-01,,,,,,,,,,177232,
1998-12-01,,,,,,,,,,65575,
2017-01-01,,,,,,,,,,231593,
2020-12-01,,,,,,,,,,264971,
2020-07-01,,,,,,,,,,253226,
1999-03-01,,,,,,,,,,66378,
2021-11-01,,,,,,,,,,281382,
2019-10-01,,,,,,,,,,248842,
2003-03-01,,,,,,,,,,123258,
2019-08-01,,,,,,,,,,249221,
2011-06-01,,,,,,,,,,174838,
2008-06-01,,,,,,,,,,187350,
2003-10-01,,,,,,,,,,135885,
2012-06-01,,,,,,,,,,178696,
2022-02-01,,,,,,,,,,287316,
2001-12-01,,,,,,,,,,95992,
2006-03-01,,,,,,,,,,168001,
2022-03-01,,,,,,,,,,288333,
1997-12-01,,,,,,,,,,61564,
2007-09-01,,,,,,,,,,194764,
2004-12-01,,,,,,,,,,159886,
2022-05-01,,,,,,,,,,294539,
2013-06-01,,,,,,,,,,182088,
2020-03-01,,,,,,,,,,249121,
2021-01-01,,,,,,,,,,264676,
2012-03-01,,,,,,,,,,174323,
1998-10-01,,,,,,,,,,65462,
2001-02-01,,,,,,,,,,84245,
2020-09-01,,,,,,,,,,258155,
2004-09-01,,,,,,,,,,159243,
2015-07-01,,,,,,,,,,213518,
2020-10-01,,,,,,,,,,259592,
2024-04-01,,,,,,,,,,295561,
2009-03-01,,,,,,,,,,159340,
2009-10-01,,,,,,,,,,172314,
2019-11-01,,,,,,,,,,247867,
2002-09-01,,,,,,,,,,113914,
2006-10-01,,,,,,,,,,178927,
2004-01-01,,,,,,,,,,139719,
2000-06-01,,,,,,,,,,81269,
2004-03-01,,,,,,,,,,142571,
2004-10-01,,,,,,,,,,159358,
1999-10-01,,,,,,,,,,73273,
2001-06-01,,,,,,,,,,89980,
2006-11-01,,,,,,,,,,179718,
2007-07-01,,,,,,,,,,193360,
1999-02-01,,,,,,,,,,65522,
2009-02-01,,,,,,,,,,160956,
2013-11-01,,,,,,,,,,186260,
2015-08-01,,,,,,,,,,215756,
2016-11-01,,,,,,,,,,231053,
2018-08-01,,,,,,,,,,248620,
2019-07-01,,,,,,,,,,248468,
2020-06-01,,,,,,,,,,250739,
2009-08-01,,,,,,,,,,169603,
2014-12-01,,,,,,,,,,203346,
2001-09-01,,,,,,,,,,93682,
2008-02-01,,,,,,,,,,190066,
2010-12-01,,,,,,,,,,176036,
2015-12-01,,,,,,,,,,219582,
1998-07-01,,,,,,,,,,65475,
2007-12-01,,,,,,,,,,194373,
2017-11-01,,,,,,,,,,241086,
2002-11-01,,,,,,,,,,118693,
2019-02-01,,,,,,,,,,244427,
2019-09-01,,,,,,,,,,249637,
1999-12-01,,,,,,,,,,75071,
2017-02-01,,,,,,,,,,232696,
2013-05-01,,,,,,,,,,180621,
2000-08-01,,,,,,,,,,83504,
2013-02-01,,,,,,,,,,177203,
2008-12-01,,,,,,,,,,165795,
2000-10-01,,,,,,,,,,,78062
2004-04-01,,,,,,,,,,,134707
2016-10-01,,,,,,,,,,,218226
2018-03-01,,,,,,,,,,,223988
1999-06-01,,,,,,,,,,,62254
2005-06-01,,,,,,,,,,,147527
2006-02-01,,,,,,,,,,,150486
2000-12-01,,,,,,,,,,,80779
2008-03-01,,,,,,,,,,,170303
2017-05-01,,,,,,,,,,,227417
2010-01-01,,,,,,,,,,,152798
2013-08-01,,,,,,,,,,,167111
2005-08-01,,,,,,,,,,,148814
2017-09-01,,,,,,,,,,,228595
2014-06-01,,,,,,,,,,,184220
2014-02-01,,,,,,,,,,,174059
1999-08-01,,,,,,,,,,,64628
2004-07-01,,,,,,,,,,,141450
2019-12-01,,,,,,,,,,,224882
2014-05-01,,,,,,,,,,,182556
2014-11-01,,,,,,,,,,,188765
1998-09-01,,,,,,,,,,,57523
2011-02-01,,,,,,,,,,,153823
2018-06-01,,,,,,,,,,,227383
2003-07-01,,,,,,,,,,,124097
2016-06-01,,,,,,,,,,,215500
1999-05-01,,,,,,,,,,,61321
2011-04-01,,,,,,,,,,,156518
2018-07-01,,,,,,,,,,,228677
1998-08-01,,,,,,,,,,,57545
1999-09-01,,,,,,,,,,,66772
2002-10-01,,,,,,,,,,,111801
2007-06-01,,,,,,,,,,,172532
2001-11-01,,,,,,,,,,,91895
2009-11-01,,,,,,,,,,,152038
1998-02-01,,,,,,,,,,,54509
2016-09-01,,,,,,,,,,,217713
2002-12-01,,,,,,,,,,,116634
2008-10-01,,,,,,,,,,,156193
2019-04-01,,,,,,,,,,,222913
2018-11-01,,,,,,,,,,,225623
2015-06-01,,,,,,,,,,,195288
2020-01-01,,,,,,,,,,,223969
2007-03-01,,,,,,,,,,,164732
2020-02-01,,,,,,,,,,,221254
1998-06-01,,,,,,,,,,,57250
2002-01-01,,,,,,,,,,,93086
2013-04-01,,,,,,,,,,,162125
2000-09-01,,,,,,,,,,,79182
2005-05-01,,,,,,,,,,,146964
2017-07-01,,,,,,,,,,,230482
2011-07-01,,,,,,,,,,,158333
2009-05-01,,,,,,,,,,,146296
2017-03-01,,,,,,,,,,,221172
2011-11-01,,,,,,,,,,,155873
2000-01-01,,,,,,,,,,,69282
2000-04-01,,,,,,,,,,,75300
2016-12-01,,,,,,,,,,,220018
2019-06-01,,,,,,,,,,,224000
2023-03-01,,,,,,,,,,,250761
2017-06-01,,,,,,,,,,,227646
2022-06-01,,,,,,,,,,,256156
2000-05-01,,,,,,,,,,,75618
2017-10-01,,,,,,,,,,,227770
2024-05-01,,,,,,,,,,,247295
2009-06-01,,,,,,,,,,,147179
2023-04-01,,,,,,,,,,,249789
2006-01-01,,,,,,,,,,,148701
2016-04-01,,,,,,,,,,,210424
2000-03-01,,,,,,,,,,,71562
2013-12-01,,,,,,,,,,,173720
2004-08-01,,,,,,,,,,,143879
2003-02-01,,,,,,,,,,,117588
2006-04-01,,,,,,,,,,,152692
2011-12-01,,,,,,,,,,,155280
2018-12-01,,,,,,,,,,,226923
2023-01-01,,,,,,,,,,,254311
2020-11-01,,,,,,,,,,,230585
1998-05-01,,,,,,,,,,,56204
2018-05-01,,,,,,,,,,,225472
2006-07-01,,,,,,,,,,,156243
2023-05-01,,,,,,,,,,,251346
2019-03-01,,,,,,,,,,,221555
2003-11-01,,,,,,,,,,,127065
2016-08-01,,,,,,,,,,,218109
2012-05-01,,,,,,,,,,,158509
2024-01-01,,,,,,,,,,,245706
1998-11-01,,,,,,,,,,,57931
2022-07-01,,,,,,,,,,,257063
2020-08-01,,,,,,,,,,,226269
2001-08-01,,,,,,,,,,,89666
2003-04-01,,,,,,,,,,,120563
2009-12-01,,,,,,,,,,,153597
2021-10-01,,,,,,,,,,,238933
2011-01-01,,,,,,,,,,,153717
2021-07-01,,,,,,,,,,,237082
2007-05-01,,,,,,,,,,,171490
2012-12-01,,,,,,,,,,,159610
2010-05-01,,,,,,,,,,,156499
2012-01-01,,,,,,,,,,,153939
2021-06-01,,,,,,,,,,,248887
2022-01-01,,,,,,,,,,,246611
2009-01-01,,,,,,,,,,,146976
2007-04-01,,,,,,,,,,,167700
2001-03-01,,,,,,,,,,,81645
2006-06-01,,,,,,,,,,,156320
2011-10-01,,,,,,,,,,,153963
2002-03-01,,,,,,,,,,,96264
2018-10-01,,,,,,,,,,,227981
2002-06-01,,,,,,,,,,,105006
2022-11-01,,,,,,,,,,,258126
2022-12-01,,,,,,,,,,,258131
2023-10-01,,,,,,,,,,,251975
2018-01-01,,,,,,,,,,,227374
1999-04-01,,,,,,,,,,,60244
2005-10-01,,,,,,,,,,,147745
2010-11-01,,,,,,,,,,,154420
2014-08-01,,,,,,,,,,,188844
2021-03-01,,,,,,,,,,,242590
2022-04-01,,,,,,,,,,,249924
2024-03-01,,,,,,,,,,,244991
2016-01-01,,,,,,,,,,,207941
2022-09-01,,,,,,,,,,,259377
2024-09-01,,,,,,,,,,,254030
2005-02-01,,,,,,,,,,,143560
2005-09-01,,,,,,,,,,,147875
2015-04-01,,,,,,,,,,,192450
2008-07-01,,,,,,,,,,,167443
2004-06-01,,,,,,,,,,,141451
2021-02-01,,,,,,,,,,,237522
2018-02-01,,,,,,,,,,,227060
2007-10-01,,,,,,,,,,,176713
2015-11-01,,,,,,,,,,,204910
1999-01-01,,,,,,,,,,,58384
2009-07-01,,,,,,,,,,,148560
2014-03-01,,,,,,,,,,,175657
2009-09-01,,,,,,,,,,,152714
2008-05-01,,,,,,,,,,,171415
2008-04-01,,,,,,,,,,,170313
2007-08-01,,,,,,,,,,,174638
2008-11-01,,,,,,,,,,,150973
2014-07-01,,,,,,,,,,,186483
1998-01-01,,,,,,,,,,,53808
2005-04-01,,,,,,,,,,,145435
2005-11-01,,,,,,,,,,,148493
2007-02-01,,,,,,,,,,,165346
2009-04-01,,,,,,,,,,,144266
2015-03-01,,,,,,,,,,,190914
2017-04-01,,,,,,,,,,,224125
2018-04-01,,,,,,,,,,,224796
1998-03-01,,,,,,,,,,,54617
2012-11-01,,,,,,,,,,,158881
2021-04-01,,,,,,,,,,,236644
2023-09-01,,,,,,,,,,,252488
2021-12-01,,,,,,,,,,,245763
2006-08-01,,,,,,,,,,,157650
2007-11-01,,,,,,,,,,,176017
2008-01-01,,,,,,,,,,,174807
2014-10-01,,,,,,,,,,,189664
2015-02-01,,,,,,,,,,,191036
2005-12-01,,,,,,,,,,,151489
2003-06-01,,,,,,,,,,,123516
2014-04-01,,,,,,,,,,,179535
2003-12-01,,,,,,,,,,,130095
2007-01-01,,,,,,,,,,,162661
2016-03-01,,,,,,,,,,,211891
2016-05-01,,,,,,,,,,,215654
2021-09-01,,,,,,,,,,,247635
2023-11-01,,,,,,,,,,,248535
2023-06-01,,,,,,,,,,,250542
2008-08-01,,,,,,,,,,,163326
2004-05-01,,,,,,,,,,,138023
2010-04-01,,,,,,,,,,,155667
2012-07-01,,,,,,,,,,,160186
2019-05-01,,,,,,,,,,,221767
2001-01-01,,,,,,,,,,,80274
2012-04-01,,,,,,,,,,,157909
1998-04-01,,,,,,,,,,,55734
2002-08-01,,,,,,,,,,,109292
2000-07-01,,,,,,,,,,,77279
2001-07-01,,,,,,,,,,,86990
2000-11-01,,,,,,,,,,,79683
1999-07-01,,,,,,,,,,,63242
2002-02-01,,,,,,,,,,,93892
2002-04-01,,,,,,,,,,,99401
2005-01-01,,,,,,,,,,,143395
2010-06-01,,,,,,,,,,,157200
2012-02-01,,,,,,,,,,,153278
2001-04-01,,,,,,,,,,,82990
2001-10-01,,,,,,,,,,,90278
2010-03-01,,,,,,,,,,,155161
2011-08-01,,,,,,,,,,,155598
1999-11-01,,,,,,,,,,,68241
2003-05-01,,,,,,,,,,,121310
2002-07-01,,,,,,,,,,,106186
2006-12-01,,,,,,,,,,,163364
2010-09-01,,,,,,,,,,,157583
2012-08-01,,,,,,,,,,,159581
2014-09-01,,,,,,,,,,,190050
2000-02-01,,,,,,,,,,,70695
2015-09-01,,,,,,,,,,,203091
2016-07-01,,,,,,,,,,,217820
2023-08-01,,,,,,,,,,,251400
2018-09-01,,,,,,,,,,,227508
2024-02-01,,,,,,,,,,,244825
2024-07-01,,,,,,,,,,,250065
2013-01-01,,,,,,,,,,,157947
2001-05-01,,,,,,,,,,,85152
2013-09-01,,,,,,,,,,,168755
2015-10-01,,,,,,,,,,,202376
2004-02-01,,,,,,,,,,,130021
2011-09-01,,,,,,,,,,,155744
2006-09-01,,,,,,,,,,,158663
2014-01-01,,,,,,,,,,,173440
2024-06-01,,,,,,,,,,,249129
2013-07-01,,,,,,,,,,,166628
2012-09-01,,,,,,,,,,,159875
2013-03-01,,,,,,,,,,,159637
2017-12-01,,,,,,,,,,,227130
2010-08-01,,,,,,,,,,,157522
2002-05-01,,,,,,,,,,,101841
2019-01-01,,,,,,,,,,,223908
2011-05-01,,,,,,,,,,,155477
2023-12-01,,,,,,,,,,,247051
2012-10-01,,,,,,,,,,,159803
2013-10-01,,,,,,,,,,,168285
2011-03-01,,,,,,,,,,,153536
2017-08-01,,,,,,,,,,,230443
2005-03-01,,,,,,,,,,,144196
2022-08-01,,,,,,,,,,,259094
2015-05-01,,,,,,,,,,,195666
2003-09-01,,,,,,,,,,,124463
2006-05-01,,,,,,,,,,,155081
2023-02-01,,,,,,,,,,,253691
2024-08-01,,,,,,,,,,,255236
2003-08-01,,,,,,,,,,,124910
2015-01-01,,,,,,,,,,,190290
2010-07-01,,,,,,,,,,,157684
2004-11-01,,,,,,,,,,,145668
2010-02-01,,,,,,,,,,,153394
2021-08-01,,,,,,,,,,,240648
2022-10-01,,,,,,,,,,,258206
2003-01-01,,,,,,,,,,,117343
2023-07-01,,,,,,,,,,,250913
2016-02-01,,,,,,,,,,,207771
2021-05-01,,,,,,,,,,,235683
2020-04-01,,,,,,,,,,,219836
2020-05-01,,,,,,,,,,,222534
2005-07-01,,,,,,,,,,,147833
2010-10-01,,,,,,,,,,,155787
2008-09-01,,,,,,,,,,,159615
1998-12-01,,,,,,,,,,,58433
2017-01-01,,,,,,,,,,,220139
2020-12-01,,,,,,,,,,,231756
2020-07-01,,,,,,,,,,,227032
1999-03-01,,,,,,,,,,,59678
2021-11-01,,,,,,,,,,,244565
2019-10-01,,,,,,,,,,,224898
2003-03-01,,,,,,,,,,,118630
2019-08-01,,,,,,,,,,,224332
2011-06-01,,,,,,,,,,,155417
2008-06-01,,,,,,,,,,,168642
2003-10-01,,,,,,,,,,,126162
2012-06-01,,,,,,,,,,,159561
2022-02-01,,,,,,,,,,,249692
2001-12-01,,,,,,,,,,,94210
2006-03-01,,,,,,,,,,,150423
2022-03-01,,,,,,,,,,,247763
1997-12-01,,,,,,,,,,,53617
2007-09-01,,,,,,,,,,,176404
2004-12-01,,,,,,,,,,,145238
2022-05-01,,,,,,,,,,,251032
2013-06-01,,,,,,,,,,,163902
2020-03-01,,,,,,,,,,,225478
2021-01-01,,,,,,,,,,,236316
2012-03-01,,,,,,,,,,,154801
1998-10-01,,,,,,,,,,,57798
2001-02-01,,,,,,,,,,,80251
2020-09-01,,,,,,,,,,,228668
2004-09-01,,,,,,,,,,,144087
2015-07-01,,,,,,,,,,,200004
2020-10-01,,,,,,,,,,,227480
2024-04-01,,,,,,,,,,,245895
2009-03-01,,,,,,,,,,,144919
2009-10-01,,,,,,,,,,,152088
2019-11-01,,,,,,,,,,,222243
2002-09-01,,,,,,,,,,,110436
2006-10-01,,,,,,,,,,,159785
2004-01-01,,,,,,,,,,,129344
2000-06-01,,,,,,,,,,,77209
2004-03-01,,,,,,,,,,,132477
2004-10-01,,,,,,,,,,,144084
1999-10-01,,,,,,,,,,,67233
2001-06-01,,,,,,,,,,,87207
2006-11-01,,,,,,,,,,,159513
2007-07-01,,,,,,,,,,,174371
1999-02-01,,,,,,,,,,,58484
2009-02-01,,,,,,,,,,,146113
2013-11-01,,,,,,,,,,,169563
2015-08-01,,,,,,,,,,,201842
2016-11-01,,,,,,,,,,,218906
2018-08-01,,,,,,,,,,,228736
2019-07-01,,,,,,,,,,,227260
2020-06-01,,,,,,,,,,,224025
2009-08-01,,,,,,,,,,,149846
2014-12-01,,,,,,,,,,,190423
2001-09-01,,,,,,,,,,,90201
2008-02-01,,,,,,,,,,,172815
2010-12-01,,,,,,,,,,,154766
2015-12-01,,,,,,,,,,,205939
1998-07-01,,,,,,,,,,,57188
2007-12-01,,,,,,,,,,,177083
2017-11-01,,,,,,,,,,,227222
2002-11-01,,,,,,,,,,,114981
2019-02-01,,,,,,,,,,,223812
2019-09-01,,,,,,,,,,,227640
1999-12-01,,,,,,,,,,,70029
2017-02-01,,,,,,,,,,,223873
2013-05-01,,,,,,,,,,,163064
2000-08-01,,,,,,,,,,,79329
2013-02-01,,,,,,,,,,,158875
2008-12-01,,,,,,,,,,,147872
