"Name","URI","Region GSS code","Period","Sales volume","Reporting period","House price index All property types","Average price All property types","Percentage change (monthly) All property types","Percentage change (yearly) All property types","House price index Detached houses","Average price Detached houses","Percentage change (monthly) Detached houses","Percentage change (yearly) Detached houses","House price index Semi-detached houses","Average price Semi-detached houses","Percentage change (monthly) Semi-detached houses","Percentage change (yearly) Semi-detached houses","House price index Terraced houses","Average price Terraced houses","Percentage change (monthly) Terraced houses","Percentage change (yearly) Terraced houses","House price index Flats and maisonettes","Average price Flats and maisonettes","Percentage change (monthly) Flats and maisonettes","Percentage change (yearly) Flats and maisonettes","Pivotable date"
England,http://landregistry.data.gov.uk/id/region/england,E92000001,1995-01,47639,monthly,26.23,53203,,1.39,28.26,86314,,,27.44,51533,,,25.28,41490,,,23.76,45219,,,1995-01-01
England,http://landregistry.data.gov.uk/id/region/england,E92000001,1995-02,47880,monthly,26.17,53096,-0.2,1.18,27.79,84877,-1.66,,27.7,52026,0.96,,25.39,41674,0.44,,23.28,44292,-2.05,,1995-02-01
England,http://landregistry.data.gov.uk/id/region/england,E92000001,1995-03,67025,monthly,26.23,53201,0.2,1.38,27.69,84594,-0.33,,27.6,51846,-0.35,,25.53,41906,0.56,,23.69,45074,1.77,,1995-03-01
England,http://landregistry.data.gov.uk/id/region/england,E92000001,1995-04,56925,monthly,26.42,53591,0.73,1.03,28.06,85703,1.31,,27.72,52073,0.44,,25.6,42021,0.27,,24.07,45807,1.63,,1995-04-01
England,http://landregistry.data.gov.uk/id/region/england,E92000001,1995-05,64192,monthly,26.46,53678,0.16,1.19,27.93,85313,-0.46,,27.9,52403,0.63,,25.67,42130,0.26,,24.05,45760,-0.1,,1995-05-01
England,http://landregistry.data.gov.uk/id/region/england,E92000001,1995-06,72640,monthly,26.49,53735,0.11,1.3,28.01,85562,0.29,,27.9,52395,-0.02,,25.58,41986,-0.34,,24.36,46359,1.31,,1995-06-01
England,http://landregistry.data.gov.uk/id/region/england,E92000001,1995-07,64242,monthly,26.57,53901,0.31,0.34,28.5,87041,1.73,,27.87,52344,-0.1,,25.67,42130,0.34,,23.98,45637,-1.56,,1995-07-01
England,http://landregistry.data.gov.uk/id/region/england,E92000001,1995-08,69269,monthly,26.42,53600,-0.56,-0.22,28.36,86622,-0.48,,27.75,52130,-0.41,,25.52,41883,-0.59,,23.74,45170,-1.02,,1995-08-01
England,http://landregistry.data.gov.uk/id/region/england,E92000001,1995-09,67251,monthly,26.28,53309,-0.54,-0.77,28.01,85562,-1.22,,27.62,51885,-0.47,,25.46,41786,-0.23,,23.69,45073,-0.22,,1995-09-01
England,http://landregistry.data.gov.uk/id/region/england,E92000001,1995-10,61264,monthly,26.05,52845,-0.87,-1.53,28.08,85767,0.24,,27.49,51624,-0.5,,24.89,40849,-2.24,,23.62,44951,-0.27,,1995-10-01
England,http://landregistry.data.gov.uk/id/region/england,E92000001,1995-11,63955,monthly,26.02,52788,-0.11,-1.64,27.94,85351,-0.49,,27.42,51498,-0.25,,24.91,40879,0.07,,23.75,45190,0.53,,1995-11-01
England,http://landregistry.data.gov.uk/id/region/england,E92000001,1995-12,69345,monthly,26.09,52922,0.25,-1.39,27.69,84583,-0.9,,27.55,51739,0.47,,25.16,41291,1.01,,23.74,45167,-0.05,,1995-12-01
England,http://landregistry.data.gov.uk/id/region/england,E92000001,1996-01,48694,monthly,25.8,52333,-1.11,-1.63,27.83,85000,0.49,-1.52,27.13,50961,-1.5,-1.11,24.71,40553,-1.79,-2.26,23.4,44528,-1.41,-1.53,1996-01-01
England,http://landregistry.data.gov.uk/id/region/england,E92000001,1996-02,51401,monthly,25.9,52536,0.39,-1.06,27.61,84344,-0.77,-0.63,27.36,51381,0.82,-1.24,24.88,40834,0.69,-2.02,23.61,44926,0.89,1.43,1996-02-01
England,http://landregistry.data.gov.uk/id/region/england,E92000001,1996-03,68453,monthly,25.97,52683,0.28,-0.97,27.84,85050,0.84,0.54,27.48,51623,0.47,-0.43,24.88,40832,0.0,-2.56,23.46,44644,-0.63,-0.95,1996-03-01
England,http://landregistry.data.gov.uk/id/region/england,E92000001,1996-04,64277,monthly,26.29,53331,1.23,-0.48,28.16,86018,1.14,0.37,27.55,51751,0.25,-0.62,25.31,41545,1.74,-1.13,24.08,45822,2.64,0.03,1996-04-01
England,http://landregistry.data.gov.uk/id/region/england,E92000001,1996-05,78937,monthly,26.53,53822,0.92,0.27,28.22,86192,0.2,1.03,27.87,52342,1.14,-0.12,25.72,42213,1.61,0.2,24.09,45832,0.02,0.16,1996-05-01
England,http://landregistry.data.gov.uk/id/region/england,E92000001,1996-06,75545,monthly,26.67,54093,0.5,0.67,28.41,86772,0.67,1.41,27.99,52565,0.43,0.32,25.66,42108,-0.25,0.29,24.66,46929,2.39,1.23,1996-06-01
England,http://landregistry.data.gov.uk/id/region/england,E92000001,1996-07,85339,monthly,26.97,54704,1.13,1.49,29.07,88805,2.34,2.03,28.32,53194,1.2,1.62,25.88,42470,0.86,0.81,24.45,46529,-0.85,1.95,1996-07-01
England,http://landregistry.data.gov.uk/id/region/england,E92000001,1996-08,91037,monthly,27.17,55107,0.74,2.81,29.42,89864,1.19,3.74,28.47,53480,0.54,2.59,26.11,42854,0.9,2.32,24.41,46457,-0.15,2.85,1996-08-01
England,http://landregistry.data.gov.uk/id/region/england,E92000001,1996-09,80016,monthly,27.13,55026,-0.15,3.22,29.31,89530,-0.37,4.64,28.41,53364,-0.22,2.85,26.05,42760,-0.22,2.33,24.59,46792,0.72,3.81,1996-09-01
England,http://landregistry.data.gov.uk/id/region/england,E92000001,1996-10,86311,monthly,27.08,54931,-0.17,3.95,29.41,89834,0.34,4.74,28.46,53456,0.17,3.55,25.86,42439,-0.75,3.89,24.44,46514,-0.59,3.48,1996-10-01
England,http://landregistry.data.gov.uk/id/region/england,E92000001,1996-11,93515,monthly,27.36,55497,1.03,5.13,29.44,89933,0.11,5.37,28.69,53890,0.81,4.65,26.3,43172,1.73,5.61,24.86,47298,1.69,4.67,1996-11-01
England,http://landregistry.data.gov.uk/id/region/england,E92000001,1996-12,86711,monthly,27.49,55755,0.47,5.35,29.47,90028,0.11,6.44,28.92,54319,0.8,4.99,26.42,43355,0.42,5.0,24.98,47528,0.49,5.23,1996-12-01
England,http://landregistry.data.gov.uk/id/region/england,E92000001,1997-01,66743,monthly,27.5,55789,0.06,6.6,29.78,90953,1.03,7.0,28.76,54028,-0.54,6.02,26.37,43285,-0.16,6.74,25.02,47612,0.18,6.92,1997-01-01
England,http://landregistry.data.gov.uk/id/region/england,E92000001,1997-02,66246,monthly,27.7,56199,0.74,6.97,29.98,91570,0.68,8.57,28.97,54407,0.7,5.89,26.46,43423,0.32,6.34,25.5,48516,1.9,7.99,1997-02-01
England,http://landregistry.data.gov.uk/id/region/england,E92000001,1997-03,76073,monthly,27.99,56784,1.04,7.79,30.11,91980,0.45,8.15,29.2,54848,0.81,6.25,26.91,44166,1.71,8.16,25.77,49034,1.07,9.83,1997-03-01
England,http://landregistry.data.gov.uk/id/region/england,E92000001,1997-04,78611,monthly,28.38,57577,1.4,7.96,30.56,93341,1.48,8.51,29.74,55861,1.85,7.94,27.19,44624,1.04,7.41,26.05,49576,1.1,8.19,1997-04-01
England,http://landregistry.data.gov.uk/id/region/england,E92000001,1997-05,91543,monthly,28.84,58498,1.6,8.69,30.97,94586,1.33,9.74,30.23,56786,1.66,8.49,27.67,45411,1.76,7.58,26.46,50354,1.57,9.87,1997-05-01
England,http://landregistry.data.gov.uk/id/region/england,E92000001,1997-06,95416,monthly,29.15,59140,1.1,9.33,31.54,96331,1.84,11.02,30.44,57184,0.7,8.79,27.99,45934,1.15,9.09,26.59,50603,0.49,7.83,1997-06-01
England,http://landregistry.data.gov.uk/id/region/england,E92000001,1997-07,102709,monthly,29.62,60089,1.6,9.84,32.11,98085,1.82,10.45,30.89,58014,1.45,9.06,28.44,46676,1.62,9.9,27.0,51372,1.52,10.41,1997-07-01
England,http://landregistry.data.gov.uk/id/region/england,E92000001,1997-08,98764,monthly,29.95,60750,1.1,10.24,32.6,99583,1.53,10.82,31.26,58716,1.21,9.79,28.6,46943,0.57,9.54,27.35,52053,1.32,12.04,1997-08-01
England,http://landregistry.data.gov.uk/id/region/england,E92000001,1997-09,89492,monthly,30.07,60991,0.4,10.84,32.67,99783,0.2,11.45,31.32,58819,0.18,10.22,28.75,47183,0.51,10.34,27.62,52559,0.97,12.32,1997-09-01
England,http://landregistry.data.gov.uk/id/region/england,E92000001,1997-10,95932,monthly,30.09,61048,0.09,11.14,32.8,100194,0.41,11.53,31.38,58932,0.19,10.24,28.65,47024,-0.34,10.8,27.7,52717,0.3,13.34,1997-10-01
England,http://landregistry.data.gov.uk/id/region/england,E92000001,1997-11,81563,monthly,30.32,61499,0.74,10.82,33.06,100972,0.78,12.27,31.6,59356,0.72,10.14,28.82,47301,0.59,9.57,28.0,53278,1.06,12.64,1997-11-01
England,http://landregistry.data.gov.uk/id/region/england,E92000001,1997-12,87593,monthly,30.35,61564,0.11,10.42,32.84,100302,-0.66,11.41,31.71,59554,0.33,9.64,28.9,47427,0.27,9.39,28.18,53617,0.64,12.81,1997-12-01
England,http://landregistry.data.gov.uk/id/region/england,E92000001,1998-01,61036,monthly,30.52,61902,0.55,10.96,33.42,102091,1.78,12.25,31.59,59333,-0.37,9.82,29.05,47686,0.54,10.17,28.28,53808,0.36,13.01,1998-01-01
England,http://landregistry.data.gov.uk/id/region/england,E92000001,1998-02,62504,monthly,30.4,61659,-0.39,9.71,32.85,100329,-1.73,9.57,31.63,59411,0.13,9.2,28.86,47374,-0.65,9.1,28.65,54509,1.3,12.35,1998-02-01
England,http://landregistry.data.gov.uk/id/region/england,E92000001,1998-03,76702,monthly,30.69,62253,0.96,9.63,33.14,101231,0.9,10.06,31.94,59984,0.96,9.36,29.26,48023,1.37,8.73,28.7,54617,0.2,11.39,1998-03-01
England,http://landregistry.data.gov.uk/id/region/england,E92000001,1998-04,79866,monthly,31.38,63666,2.27,10.57,34.01,103885,2.62,11.3,32.63,61291,2.18,9.72,29.9,49076,2.19,9.98,29.29,55734,2.04,12.42,1998-04-01
England,http://landregistry.data.gov.uk/id/region/england,E92000001,1998-05,86607,monthly,31.69,64277,0.96,9.88,34.16,104349,0.45,10.32,32.91,61808,0.84,8.84,30.35,49816,1.51,9.7,29.54,56204,0.84,11.62,1998-05-01
England,http://landregistry.data.gov.uk/id/region/england,E92000001,1998-06,91723,monthly,31.86,64637,0.56,9.29,34.45,105233,0.85,9.24,33.02,62022,0.35,8.46,30.34,49789,-0.05,8.39,30.09,57250,1.86,13.14,1998-06-01
England,http://landregistry.data.gov.uk/id/region/england,E92000001,1998-07,103581,monthly,32.28,65475,1.3,8.96,35.18,107455,2.11,9.55,33.45,62833,1.31,8.31,30.74,50454,1.33,8.09,30.05,57188,-0.11,11.32,1998-07-01
England,http://landregistry.data.gov.uk/id/region/england,E92000001,1998-08,89172,monthly,32.41,65743,0.41,8.22,35.44,108253,0.74,8.71,33.51,62946,0.18,7.2,30.83,50593,0.28,7.78,30.24,57545,0.62,10.55,1998-08-01
England,http://landregistry.data.gov.uk/id/region/england,E92000001,1998-09,85283,monthly,32.34,65606,-0.21,7.57,35.37,108028,-0.21,8.26,33.46,62849,-0.15,6.85,30.72,50424,-0.34,6.87,30.23,57523,-0.04,9.44,1998-09-01
England,http://landregistry.data.gov.uk/id/region/england,E92000001,1998-10,88339,monthly,32.27,65462,-0.22,7.23,35.3,107830,-0.18,7.62,33.44,62808,-0.06,6.58,30.5,50064,-0.71,6.46,30.37,57798,0.48,9.64,1998-10-01
England,http://landregistry.data.gov.uk/id/region/england,E92000001,1998-11,81770,monthly,32.22,65365,-0.15,6.29,35.28,107778,-0.05,6.74,33.4,62740,-0.11,5.7,30.37,49847,-0.43,5.38,30.44,57931,0.23,8.73,1998-11-01
England,http://landregistry.data.gov.uk/id/region/england,E92000001,1998-12,84154,monthly,32.33,65575,0.32,6.52,34.94,106717,-0.98,6.4,33.55,63025,0.45,5.83,30.65,50311,0.93,6.08,30.71,58433,0.87,8.98,1998-12-01
England,http://landregistry.data.gov.uk/id/region/england,E92000001,1999-01,59989,monthly,32.42,65766,0.29,6.24,35.42,108190,1.38,5.97,33.59,63099,0.12,6.35,30.6,50219,-0.18,5.31,30.68,58384,-0.08,8.5,1999-01-01
England,http://landregistry.data.gov.uk/id/region/england,E92000001,1999-02,62164,monthly,32.3,65522,-0.37,6.27,35.18,107465,-0.67,7.11,33.47,62875,-0.36,5.83,30.47,50009,-0.42,5.56,30.73,58484,0.17,7.29,1999-02-01
England,http://landregistry.data.gov.uk/id/region/england,E92000001,1999-03,83947,monthly,32.72,66378,1.31,6.63,35.49,108398,0.87,7.08,33.85,63575,1.11,5.99,30.92,50741,1.46,5.66,31.36,59678,2.04,9.27,1999-03-01
England,http://landregistry.data.gov.uk/id/region/england,E92000001,1999-04,89255,monthly,33.35,67648,1.91,6.26,35.97,109860,1.35,5.75,34.48,64758,1.86,5.66,31.81,52205,2.88,6.38,31.66,60244,0.95,8.09,1999-04-01
England,http://landregistry.data.gov.uk/id/region/england,E92000001,1999-05,89095,monthly,33.72,68402,1.11,6.42,36.38,111120,1.15,6.49,34.84,65436,1.05,5.87,32.07,52633,0.82,5.65,32.22,61321,1.79,9.1,1999-05-01
England,http://landregistry.data.gov.uk/id/region/england,E92000001,1999-06,100844,monthly,34.23,69428,1.5,7.41,37.06,113189,1.86,7.56,35.28,66264,1.27,6.84,32.53,53385,1.43,7.22,32.72,62254,1.52,8.74,1999-06-01
England,http://landregistry.data.gov.uk/id/region/england,E92000001,1999-07,119652,monthly,34.81,70612,1.71,7.85,37.91,115785,2.29,7.75,35.71,67074,1.22,6.75,33.1,54322,1.75,7.67,33.23,63242,1.59,10.59,1999-07-01
England,http://landregistry.data.gov.uk/id/region/england,E92000001,1999-08,108298,monthly,35.34,71699,1.54,9.06,38.41,117338,1.34,8.39,36.21,68011,1.4,8.05,33.6,55139,1.51,8.99,33.96,64628,2.19,12.31,1999-08-01
England,http://landregistry.data.gov.uk/id/region/england,E92000001,1999-09,102445,monthly,35.9,72816,1.56,10.99,39.12,119492,1.84,10.61,36.57,68695,1.01,9.3,33.93,55691,1.0,10.45,35.09,66772,3.32,16.08,1999-09-01
England,http://landregistry.data.gov.uk/id/region/england,E92000001,1999-10,107395,monthly,36.12,73273,0.63,11.93,39.32,120097,0.51,11.38,37.05,69590,1.3,10.8,33.96,55731,0.07,11.32,35.33,67233,0.69,16.32,1999-10-01
England,http://landregistry.data.gov.uk/id/region/england,E92000001,1999-11,103902,monthly,36.59,74234,1.31,13.57,39.63,121037,0.78,12.3,37.43,70312,1.04,12.07,34.6,56783,1.89,13.91,35.86,68241,1.5,17.8,1999-11-01
England,http://landregistry.data.gov.uk/id/region/england,E92000001,1999-12,102442,monthly,37.01,75071,1.13,14.48,39.82,121616,0.48,13.96,37.73,70877,0.8,12.46,35.01,57467,1.2,14.22,36.8,70029,2.62,19.84,1999-12-01
England,http://landregistry.data.gov.uk/id/region/england,E92000001,2000-01,68031,monthly,37.08,75219,0.2,14.37,40.52,123762,1.76,14.39,37.88,71147,0.38,12.75,34.82,57149,-0.55,13.8,36.41,69282,-1.07,18.66,2000-01-01
England,http://landregistry.data.gov.uk/id/region/england,E92000001,2000-02,72364,monthly,37.28,75630,0.55,15.43,40.35,123263,-0.4,14.7,37.9,71182,0.05,13.21,35.14,57670,0.91,15.32,37.15,70695,2.04,20.88,2000-02-01
England,http://landregistry.data.gov.uk/id/region/england,E92000001,2000-03,96354,monthly,37.97,77016,1.83,16.03,40.99,125211,1.58,15.51,38.74,72762,2.22,14.45,35.84,58815,1.99,15.91,37.61,71562,1.23,19.91,2000-03-01
England,http://landregistry.data.gov.uk/id/region/england,E92000001,2000-04,88707,monthly,39.26,79635,3.4,17.72,42.22,128974,3.01,17.4,39.82,74797,2.8,15.5,37.02,60751,3.29,16.37,39.57,75300,5.22,24.99,2000-04-01
England,http://landregistry.data.gov.uk/id/region/england,E92000001,2000-05,92309,monthly,39.61,80348,0.89,17.46,42.73,130525,1.2,17.46,40.35,75793,1.33,15.83,37.21,61074,0.53,16.04,39.74,75618,0.42,23.32,2000-05-01
England,http://landregistry.data.gov.uk/id/region/england,E92000001,2000-06,105431,monthly,40.06,81269,1.15,17.05,43.01,131375,0.65,16.07,40.78,76592,1.06,15.59,37.62,61741,1.09,15.65,40.57,77209,2.1,24.02,2000-06-01
England,http://landregistry.data.gov.uk/id/region/england,E92000001,2000-07,95400,monthly,40.7,82563,1.59,16.92,44.63,136331,3.77,17.74,41.37,77710,1.46,15.86,37.97,62321,0.94,14.73,40.61,77279,0.09,22.2,2000-07-01
England,http://landregistry.data.gov.uk/id/region/england,E92000001,2000-08,94346,monthly,41.16,83504,1.14,16.46,45.0,137463,0.83,17.15,41.85,78603,1.15,15.57,38.19,62683,0.58,13.68,41.69,79329,2.65,22.75,2000-08-01
England,http://landregistry.data.gov.uk/id/region/england,E92000001,2000-09,88148,monthly,41.21,83590,0.1,14.8,45.2,138071,0.44,15.55,41.7,78330,-0.35,14.02,38.35,62940,0.41,13.02,41.61,79182,-0.19,18.59,2000-09-01
England,http://landregistry.data.gov.uk/id/region/england,E92000001,2000-10,83099,monthly,41.04,83261,-0.39,13.63,45.14,137866,-0.15,14.8,41.96,78818,0.62,13.26,37.99,62349,-0.94,11.87,41.02,78062,-1.41,16.11,2000-10-01
England,http://landregistry.data.gov.uk/id/region/england,E92000001,2000-11,83309,monthly,41.19,83546,0.34,12.54,45.29,138341,0.34,14.3,41.77,78451,-0.47,11.58,38.06,62457,0.17,9.99,41.87,79683,2.08,16.77,2000-11-01
England,http://landregistry.data.gov.uk/id/region/england,E92000001,2000-12,90823,monthly,41.5,84191,0.77,12.15,44.95,137313,-0.74,12.91,42.21,79282,1.06,11.86,38.55,63274,1.31,10.11,42.45,80779,1.38,15.35,2000-12-01
England,http://landregistry.data.gov.uk/id/region/england,E92000001,2001-01,64870,monthly,41.59,84377,0.22,12.17,45.42,138724,1.03,12.09,42.16,79196,-0.11,11.31,38.7,63511,0.37,11.13,42.19,80274,-0.63,15.87,2001-01-01
England,http://landregistry.data.gov.uk/id/region/england,E92000001,2001-02,67134,monthly,41.53,84245,-0.16,11.39,45.19,138022,-0.51,11.97,42.18,79234,0.05,11.31,38.64,63413,-0.15,9.96,42.17,80251,-0.03,13.52,2001-02-01
England,http://landregistry.data.gov.uk/id/region/england,E92000001,2001-03,90226,monthly,42.02,85242,1.18,10.68,45.55,139141,0.81,11.13,42.65,80100,1.09,10.08,39.12,64204,1.25,9.16,42.91,81645,1.74,14.09,2001-03-01
England,http://landregistry.data.gov.uk/id/region/england,E92000001,2001-04,88556,monthly,43.1,87439,2.58,9.8,47.08,143795,3.34,11.49,43.55,81805,2.13,9.37,40.26,66069,2.9,8.75,43.61,82990,1.65,10.21,2001-04-01
England,http://landregistry.data.gov.uk/id/region/england,E92000001,2001-05,99478,monthly,43.74,88719,1.46,10.42,47.2,144166,0.26,10.45,44.3,83198,1.7,9.77,40.87,67082,1.53,9.84,44.75,85152,2.61,12.61,2001-05-01
England,http://landregistry.data.gov.uk/id/region/england,E92000001,2001-06,113447,monthly,44.36,89980,1.42,10.72,47.72,145754,1.1,10.94,44.86,84256,1.27,10.01,41.4,67943,1.28,10.04,45.83,87207,2.41,12.95,2001-06-01
England,http://landregistry.data.gov.uk/id/region/england,E92000001,2001-07,113200,monthly,45.07,91430,1.61,10.74,49.23,150363,3.16,10.29,45.61,85676,1.68,10.25,41.98,68904,1.41,10.56,45.71,86990,-0.25,12.57,2001-07-01
England,http://landregistry.data.gov.uk/id/region/england,E92000001,2001-08,124849,monthly,46.01,93331,2.08,11.77,50.15,153197,1.89,11.45,46.35,87059,1.61,10.76,42.88,70368,2.13,12.26,47.12,89666,3.08,13.03,2001-08-01
England,http://landregistry.data.gov.uk/id/region/england,E92000001,2001-09,98296,monthly,46.18,93682,0.38,12.07,50.57,154474,0.83,11.88,46.4,87147,0.1,11.26,42.96,70501,0.19,12.01,47.4,90201,0.6,13.92,2001-09-01
England,http://landregistry.data.gov.uk/id/region/england,E92000001,2001-10,105633,monthly,46.42,94161,0.51,13.09,50.72,154928,0.29,12.38,46.98,88243,1.26,11.96,43.05,70661,0.23,13.33,47.44,90278,0.08,15.65,2001-10-01
England,http://landregistry.data.gov.uk/id/region/england,E92000001,2001-11,109149,monthly,46.87,95083,0.98,13.81,50.99,155737,0.52,12.57,47.47,89168,1.05,13.66,43.41,71251,0.83,14.08,48.29,91895,1.79,15.33,2001-11-01
England,http://landregistry.data.gov.uk/id/region/england,E92000001,2001-12,93329,monthly,47.32,95992,0.96,14.02,51.15,156223,0.31,13.77,47.89,89945,0.87,13.45,43.72,71754,0.71,13.4,49.51,94210,2.52,16.63,2001-12-01
England,http://landregistry.data.gov.uk/id/region/england,E92000001,2002-01,71678,monthly,47.43,96215,0.23,14.03,51.9,158543,1.48,14.29,48.01,90176,0.26,13.86,43.75,71799,0.06,13.05,48.92,93086,-1.19,15.96,2002-01-01
England,http://landregistry.data.gov.uk/id/region/england,E92000001,2002-02,77131,monthly,47.66,96676,0.48,14.76,51.79,158184,-0.23,14.61,47.98,90126,-0.06,13.75,44.29,72696,1.25,14.64,49.34,93892,0.87,17.0,2002-02-01
England,http://landregistry.data.gov.uk/id/region/england,E92000001,2002-03,102828,monthly,48.78,98962,2.36,16.1,52.6,160668,1.57,15.47,49.4,92789,2.96,15.84,45.32,74385,2.32,15.86,50.59,96264,2.53,17.9,2002-03-01
England,http://landregistry.data.gov.uk/id/region/england,E92000001,2002-04,99638,monthly,49.96,101355,2.42,15.91,53.99,164902,2.64,14.68,50.38,94624,1.98,15.67,46.34,76047,2.23,15.1,52.24,99401,3.26,19.77,2002-04-01
England,http://landregistry.data.gov.uk/id/region/england,E92000001,2002-05,132163,monthly,51.49,104458,3.06,17.74,55.27,168825,2.38,17.1,52.16,97971,3.54,17.76,47.92,78656,3.43,17.25,53.52,101841,2.45,19.6,2002-05-01
England,http://landregistry.data.gov.uk/id/region/england,E92000001,2002-06,104285,monthly,52.65,106811,2.25,18.71,56.52,172645,2.26,18.45,53.01,99569,1.63,18.17,49.06,80515,2.36,18.5,55.18,105006,3.11,20.41,2002-06-01
England,http://landregistry.data.gov.uk/id/region/england,E92000001,2002-07,126475,monthly,54.23,110001,2.99,20.31,58.93,180007,4.26,19.72,54.74,102813,3.26,20.0,50.43,82773,2.8,20.13,55.8,106186,1.12,22.07,2002-07-01
England,http://landregistry.data.gov.uk/id/region/england,E92000001,2002-08,126360,monthly,55.62,112832,2.57,20.89,60.1,183576,1.98,19.83,56.22,105600,2.71,21.3,51.79,85001,2.69,20.79,57.43,109292,2.92,21.89,2002-08-01
England,http://landregistry.data.gov.uk/id/region/england,E92000001,2002-09,104054,monthly,56.16,113914,0.96,21.6,60.89,185993,1.32,20.4,56.9,106871,1.2,22.63,52.03,85388,0.46,21.12,58.04,110436,1.05,22.43,2002-09-01
England,http://landregistry.data.gov.uk/id/region/england,E92000001,2002-10,106125,monthly,57.12,115879,1.72,23.06,62.06,189569,1.92,22.36,58.09,109106,2.09,23.64,52.81,86679,1.51,22.67,58.75,111801,1.24,23.84,2002-10-01
England,http://landregistry.data.gov.uk/id/region/england,E92000001,2002-11,110850,monthly,58.51,118693,2.43,24.83,63.59,194233,2.46,24.72,59.2,111198,1.92,24.71,54.21,88973,2.65,24.87,60.42,114981,2.84,25.12,2002-11-01
England,http://landregistry.data.gov.uk/id/region/england,E92000001,2002-12,102070,monthly,59.15,119982,1.09,24.99,63.43,193741,-0.25,24.02,60.31,113280,1.87,25.94,54.84,90010,1.17,25.44,61.29,116634,1.44,23.8,2002-12-01
England,http://landregistry.data.gov.uk/id/region/england,E92000001,2003-01,79926,monthly,59.95,121610,1.36,26.39,65.01,198570,2.49,25.25,60.59,113813,0.47,26.21,55.79,91562,1.72,27.52,61.67,117343,0.61,26.06,2003-01-01
England,http://landregistry.data.gov.uk/id/region/england,E92000001,2003-02,75657,monthly,60.02,121754,0.12,25.94,64.52,197093,-0.74,24.6,61.2,114952,1.0,27.55,55.74,91479,-0.09,25.84,61.79,117588,0.21,25.24,2003-02-01
England,http://landregistry.data.gov.uk/id/region/england,E92000001,2003-03,80112,monthly,60.76,123258,1.24,24.55,65.45,199904,1.43,24.42,61.8,116085,0.99,25.11,56.57,92847,1.49,24.82,62.34,118630,0.89,23.23,2003-03-01
England,http://landregistry.data.gov.uk/id/region/england,E92000001,2003-04,82897,monthly,62.23,126239,2.42,24.55,66.81,204065,2.08,23.75,63.73,119696,3.11,26.5,57.95,95116,2.44,25.08,63.36,120563,1.63,21.29,2003-04-01
England,http://landregistry.data.gov.uk/id/region/england,E92000001,2003-05,91813,monthly,63.25,128299,1.63,22.82,67.78,207033,1.45,22.63,64.88,121858,1.81,24.38,59.18,97124,2.11,23.48,63.75,121310,0.62,19.12,2003-05-01
England,http://landregistry.data.gov.uk/id/region/england,E92000001,2003-06,94507,monthly,63.77,129353,0.82,21.1,68.13,208114,0.52,20.54,65.2,122466,0.5,23.0,59.66,97918,0.82,21.62,64.91,123516,1.82,17.63,2003-06-01
England,http://landregistry.data.gov.uk/id/region/england,E92000001,2003-07,103522,monthly,65.23,132318,2.29,20.29,69.74,213026,2.36,18.34,67.14,126104,2.97,22.65,61.2,100438,2.57,21.34,65.21,124097,0.47,16.87,2003-07-01
England,http://landregistry.data.gov.uk/id/region/england,E92000001,2003-08,109995,monthly,66.01,133896,1.19,18.67,70.54,215456,1.14,17.37,67.95,127628,1.21,20.86,62.1,101927,1.48,19.91,65.64,124910,0.66,14.29,2003-08-01
England,http://landregistry.data.gov.uk/id/region/england,E92000001,2003-09,106682,monthly,65.98,133848,-0.04,17.5,70.56,215520,0.03,15.88,67.89,127519,-0.09,19.32,62.18,102053,0.12,19.52,65.41,124463,-0.36,12.7,2003-09-01
England,http://landregistry.data.gov.uk/id/region/england,E92000001,2003-10,119798,monthly,66.99,135885,1.52,17.27,71.39,218070,1.18,15.03,68.99,129574,1.61,18.76,63.27,103847,1.76,19.81,66.3,126162,1.36,12.85,2003-10-01
England,http://landregistry.data.gov.uk/id/region/england,E92000001,2003-11,112141,monthly,67.62,137178,0.95,15.57,71.97,219832,0.81,13.18,69.86,131225,1.27,18.01,63.83,104768,0.89,17.75,66.77,127065,0.72,10.51,2003-11-01
England,http://landregistry.data.gov.uk/id/region/england,E92000001,2003-12,116105,monthly,68.51,138985,1.32,15.84,71.72,219064,-0.35,13.07,70.66,132722,1.14,17.16,65.18,106983,2.11,18.86,68.37,130095,2.39,11.54,2003-12-01
England,http://landregistry.data.gov.uk/id/region/england,E92000001,2004-01,86697,monthly,68.88,139719,0.53,14.89,73.27,223795,2.16,12.7,70.94,133239,0.39,17.07,65.24,107067,0.08,16.93,67.97,129344,-0.58,10.23,2004-01-01
England,http://landregistry.data.gov.uk/id/region/england,E92000001,2004-02,86512,monthly,69.15,140284,0.4,15.22,72.78,222314,-0.66,12.8,71.25,133835,0.45,16.43,65.86,108098,0.96,18.17,68.33,130021,0.52,10.57,2004-02-01
England,http://landregistry.data.gov.uk/id/region/england,E92000001,2004-03,100342,monthly,70.28,142571,1.63,15.67,73.68,225058,1.23,12.58,72.09,135398,1.17,16.64,67.26,110381,2.11,18.89,69.62,132477,1.89,11.67,2004-03-01
England,http://landregistry.data.gov.uk/id/region/england,E92000001,2004-04,114092,monthly,72.59,147250,3.28,16.64,75.02,229139,1.81,12.29,75.07,140999,4.14,17.8,70.22,115255,4.42,21.17,70.79,134707,1.68,11.73,2004-04-01
England,http://landregistry.data.gov.uk/id/region/england,E92000001,2004-05,105117,monthly,74.0,150115,1.95,17.0,75.89,231795,1.16,11.96,76.29,143298,1.63,17.59,71.91,118023,2.4,21.52,72.53,138023,2.46,13.78,2004-05-01
England,http://landregistry.data.gov.uk/id/region/england,E92000001,2004-06,118877,monthly,75.68,153527,2.27,18.69,77.71,237381,2.41,14.06,78.06,146611,2.31,19.72,73.38,120428,2.04,22.99,74.33,141451,2.48,14.52,2004-06-01
England,http://landregistry.data.gov.uk/id/region/england,E92000001,2004-07,126778,monthly,77.26,156730,2.09,18.45,79.5,242821,2.29,13.99,80.27,150771,2.84,19.56,75.24,123490,2.54,22.95,74.33,141450,0.0,13.98,2004-07-01
England,http://landregistry.data.gov.uk/id/region/england,E92000001,2004-08,109199,monthly,78.26,158760,1.3,18.57,80.72,246560,1.54,14.44,80.96,152069,0.86,19.15,76.19,125051,1.26,22.69,75.61,143879,1.72,15.19,2004-08-01
England,http://landregistry.data.gov.uk/id/region/england,E92000001,2004-09,93996,monthly,78.5,159243,0.3,18.97,81.25,248194,0.66,15.16,81.11,152351,0.19,19.47,76.4,125392,0.27,22.87,75.72,144087,0.14,15.77,2004-09-01
England,http://landregistry.data.gov.uk/id/region/england,E92000001,2004-10,90273,monthly,78.56,159358,0.07,17.27,81.02,247470,-0.29,13.48,81.36,152809,0.3,17.93,76.52,125582,0.15,20.93,75.72,144084,0.0,14.21,2004-10-01
England,http://landregistry.data.gov.uk/id/region/england,E92000001,2004-11,79540,monthly,79.04,160330,0.61,16.88,81.37,248548,0.44,13.06,81.62,153301,0.32,16.82,77.03,126432,0.68,20.68,76.55,145668,1.1,14.64,2004-11-01
England,http://landregistry.data.gov.uk/id/region/england,E92000001,2004-12,80888,monthly,78.82,159886,-0.28,15.04,80.46,245756,-1.12,12.18,81.25,152616,-0.45,14.99,77.34,126940,0.4,18.65,76.32,145238,-0.3,11.64,2004-12-01
England,http://landregistry.data.gov.uk/id/region/england,E92000001,2005-01,53464,monthly,78.17,158572,-0.82,13.49,80.56,246076,0.13,9.96,80.49,151184,-0.94,13.47,76.53,125601,-1.06,17.31,75.36,143395,-1.27,10.86,2005-01-01
England,http://landregistry.data.gov.uk/id/region/england,E92000001,2005-02,56044,monthly,78.19,158609,0.02,13.06,80.08,244614,-0.59,10.03,80.97,152092,0.6,13.64,76.41,125414,-0.15,16.02,75.44,143560,0.12,10.41,2005-02-01
England,http://landregistry.data.gov.uk/id/region/england,E92000001,2005-03,67322,monthly,78.7,159642,0.65,11.97,80.24,245096,0.2,8.9,81.35,152790,0.46,12.84,77.33,126913,1.19,14.98,75.78,144196,0.44,8.85,2005-03-01
England,http://landregistry.data.gov.uk/id/region/england,E92000001,2005-04,78958,monthly,79.53,161336,1.06,9.57,80.44,245695,0.24,7.23,82.41,154787,1.31,9.78,78.45,128752,1.45,11.71,76.43,145435,0.86,7.96,2005-04-01
England,http://landregistry.data.gov.uk/id/region/england,E92000001,2005-05,79951,monthly,80.38,163064,1.07,8.63,81.9,250172,1.82,7.93,82.92,155755,0.63,8.69,79.25,130068,1.02,10.21,77.23,146964,1.05,6.48,2005-05-01
England,http://landregistry.data.gov.uk/id/region/england,E92000001,2005-06,92080,monthly,80.88,164069,0.62,6.87,81.29,248291,-0.75,4.6,83.48,156799,0.67,6.95,80.44,132019,1.5,9.62,77.53,147527,0.38,4.3,2005-06-01
England,http://landregistry.data.gov.uk/id/region/england,E92000001,2005-07,96925,monthly,81.71,165756,1.03,5.76,82.8,252904,1.86,4.15,84.77,159214,1.54,5.6,80.95,132862,0.64,7.59,77.69,147833,0.21,4.51,2005-07-01
England,http://landregistry.data.gov.uk/id/region/england,E92000001,2005-08,94592,monthly,82.05,166440,0.41,4.84,83.6,255347,0.97,3.56,84.5,158709,-0.32,4.37,81.39,133587,0.55,6.83,78.2,148814,0.66,3.43,2005-08-01
England,http://landregistry.data.gov.uk/id/region/england,E92000001,2005-09,96191,monthly,81.91,166168,-0.16,4.35,83.04,253632,-0.67,2.19,84.38,158480,-0.14,4.02,81.72,134114,0.39,6.96,77.71,147875,-0.63,2.63,2005-09-01
England,http://landregistry.data.gov.uk/id/region/england,E92000001,2005-10,88571,monthly,81.65,165637,-0.32,3.94,82.75,252762,-0.34,2.14,84.25,158252,-0.14,3.56,81.24,133326,-0.59,6.17,77.64,147745,-0.09,2.54,2005-10-01
England,http://landregistry.data.gov.uk/id/region/england,E92000001,2005-11,91445,monthly,81.98,166303,0.4,3.73,82.99,253491,0.29,1.99,84.53,158778,0.33,3.57,81.61,133939,0.46,5.94,78.04,148493,0.51,1.94,2005-11-01
England,http://landregistry.data.gov.uk/id/region/england,E92000001,2005-12,102289,monthly,82.44,167244,0.57,4.6,82.11,250818,-1.05,2.06,84.5,158711,-0.04,3.99,82.53,135446,1.12,6.7,79.61,151489,2.02,4.3,2005-12-01
England,http://landregistry.data.gov.uk/id/region/england,E92000001,2006-01,73019,monthly,82.1,166544,-0.42,5.03,82.97,253431,1.04,2.99,84.46,158632,-0.05,4.93,81.97,134525,-0.68,7.11,78.14,148701,-1.84,3.7,2006-01-01
England,http://landregistry.data.gov.uk/id/region/england,E92000001,2006-02,75775,monthly,82.27,166896,0.21,5.22,82.4,251702,-0.68,2.9,84.49,158696,0.04,4.34,82.19,134896,0.28,7.56,79.08,150486,1.2,4.82,2006-02-01
England,http://landregistry.data.gov.uk/id/region/england,E92000001,2006-03,99396,monthly,82.82,168001,0.66,5.24,83.3,254453,1.09,3.82,85.19,160009,0.83,4.72,82.78,135855,0.71,7.05,79.05,150423,-0.04,4.32,2006-03-01
England,http://landregistry.data.gov.uk/id/region/england,E92000001,2006-04,91305,monthly,84.36,171129,1.86,6.07,84.29,257480,1.19,4.8,86.94,163296,2.05,5.5,84.71,139027,2.33,7.98,80.24,152692,1.51,4.99,2006-04-01
England,http://landregistry.data.gov.uk/id/region/england,E92000001,2006-05,101080,monthly,85.13,172699,0.92,5.91,85.37,260768,1.28,4.24,87.55,164441,0.7,5.58,85.11,139685,0.47,7.39,81.5,155081,1.56,5.52,2006-05-01
England,http://landregistry.data.gov.uk/id/region/england,E92000001,2006-06,120679,monthly,85.89,174231,0.89,6.19,85.41,260886,0.05,5.07,88.27,165804,0.83,5.74,86.39,141794,1.51,7.4,82.15,156320,0.8,5.96,2006-06-01
England,http://landregistry.data.gov.uk/id/region/england,E92000001,2006-07,112469,monthly,86.84,176164,1.11,6.28,86.99,265718,1.85,5.07,89.23,167607,1.09,5.27,87.62,143808,1.42,8.24,82.11,156243,-0.05,5.69,2006-07-01
England,http://landregistry.data.gov.uk/id/region/england,E92000001,2006-08,118684,monthly,87.55,177603,0.82,6.71,88.09,269069,1.26,5.37,89.95,168944,0.8,6.45,88.07,144542,0.51,8.2,82.85,157650,0.9,5.94,2006-08-01
England,http://landregistry.data.gov.uk/id/region/england,E92000001,2006-09,113761,monthly,87.88,178275,0.38,7.29,88.35,269870,0.3,6.4,90.3,169604,0.39,7.02,88.29,144901,0.25,8.04,83.38,158663,0.64,7.3,2006-09-01
England,http://landregistry.data.gov.uk/id/region/england,E92000001,2006-10,110764,monthly,88.2,178927,0.37,8.02,88.5,270313,0.16,6.94,90.5,169980,0.22,7.41,88.64,145472,0.39,9.11,83.97,159785,0.71,8.15,2006-10-01
England,http://landregistry.data.gov.uk/id/region/england,E92000001,2006-11,112690,monthly,88.59,179718,0.44,8.07,89.0,271866,0.57,7.25,91.13,171160,0.69,7.8,89.11,146257,0.54,9.2,83.83,159513,-0.17,7.42,2006-11-01
England,http://landregistry.data.gov.uk/id/region/england,E92000001,2006-12,119458,monthly,89.73,182031,1.29,8.84,88.91,271575,-0.11,8.28,91.87,172555,0.82,8.72,90.74,148932,1.83,9.96,85.85,163364,2.41,7.84,2006-12-01
England,http://landregistry.data.gov.uk/id/region/england,E92000001,2007-01,85121,monthly,89.63,181824,-0.11,9.17,89.75,274140,0.94,8.17,91.77,172361,-0.11,8.65,90.24,148110,-0.55,10.1,85.48,162661,-0.43,9.39,2007-01-01
England,http://landregistry.data.gov.uk/id/region/england,E92000001,2007-02,84374,monthly,89.91,182397,0.32,9.29,89.51,273400,-0.27,8.62,91.91,172624,0.15,8.78,90.14,147941,-0.11,9.67,86.89,165346,1.65,9.87,2007-02-01
England,http://landregistry.data.gov.uk/id/region/england,E92000001,2007-03,103039,monthly,90.56,183712,0.72,9.35,90.13,275290,0.69,8.19,92.57,173872,0.72,8.66,91.49,150160,1.5,10.53,86.57,164732,-0.37,9.51,2007-03-01
England,http://landregistry.data.gov.uk/id/region/england,E92000001,2007-04,92543,monthly,92.04,186711,1.63,9.11,91.12,278323,1.1,8.1,93.94,176443,1.48,8.05,93.29,153111,1.97,10.13,88.13,167700,1.8,9.83,2007-04-01
England,http://landregistry.data.gov.uk/id/region/england,E92000001,2007-05,104937,monthly,93.08,188814,1.13,9.33,91.85,280568,0.81,7.59,94.77,178009,0.89,8.25,93.98,154245,0.74,10.42,90.12,171490,2.26,10.58,2007-05-01
England,http://landregistry.data.gov.uk/id/region/england,E92000001,2007-06,120076,monthly,94.07,190822,1.06,9.52,93.04,284180,1.29,8.93,95.71,179776,0.99,8.43,95.21,156259,1.31,10.2,90.67,172532,0.61,10.37,2007-06-01
England,http://landregistry.data.gov.uk/id/region/england,E92000001,2007-07,113560,monthly,95.32,193360,1.33,9.76,95.06,290354,2.17,9.27,96.87,181954,1.21,8.56,96.27,158000,1.11,9.87,91.63,174371,1.07,11.6,2007-07-01
England,http://landregistry.data.gov.uk/id/region/england,E92000001,2007-08,121246,monthly,95.8,194328,0.5,9.42,95.67,292227,0.64,8.61,97.39,182920,0.53,8.27,96.88,158996,0.63,10.0,91.77,174638,0.15,10.78,2007-08-01
England,http://landregistry.data.gov.uk/id/region/england,E92000001,2007-09,95771,monthly,96.01,194764,0.22,9.25,95.97,293150,0.32,8.63,97.37,182883,-0.02,7.83,96.72,158733,-0.17,9.55,92.7,176404,1.01,11.18,2007-09-01
England,http://landregistry.data.gov.uk/id/region/england,E92000001,2007-10,100053,monthly,95.98,194700,-0.03,8.82,96.05,293391,0.08,8.54,97.14,182464,-0.23,7.34,96.64,158609,-0.08,9.03,92.86,176713,0.17,10.59,2007-10-01
England,http://landregistry.data.gov.uk/id/region/england,E92000001,2007-11,98151,monthly,95.88,194502,-0.1,8.23,96.21,293872,0.16,8.09,97.37,182897,0.24,6.86,96.31,158063,-0.34,8.07,92.5,176017,-0.39,10.35,2007-11-01
England,http://landregistry.data.gov.uk/id/region/england,E92000001,2007-12,79311,monthly,95.82,194373,-0.07,6.78,95.15,290651,-1.1,7.02,97.12,182427,-0.26,5.72,96.55,158459,0.25,6.4,93.06,177083,0.61,8.4,2007-12-01
England,http://landregistry.data.gov.uk/id/region/england,E92000001,2008-01,56189,monthly,94.53,191750,-1.35,5.46,94.75,289423,-0.42,5.57,95.57,179501,-1.6,4.14,94.88,155720,-1.73,5.14,91.86,174807,-1.29,7.47,2008-01-01
England,http://landregistry.data.gov.uk/id/region/england,E92000001,2008-02,59992,monthly,93.7,190066,-0.88,4.2,93.69,286184,-1.12,4.68,95.1,178628,-0.49,3.48,94.05,154361,-0.87,4.34,90.82,172815,-1.14,4.52,2008-02-01
England,http://landregistry.data.gov.uk/id/region/england,E92000001,2008-03,56066,monthly,93.0,188657,-0.74,2.69,92.77,283373,-0.98,2.94,94.69,177862,-0.43,2.29,93.74,153850,-0.33,2.46,89.5,170303,-1.45,3.38,2008-03-01
England,http://landregistry.data.gov.uk/id/region/england,E92000001,2008-04,60459,monthly,93.23,189115,0.24,1.29,93.54,285705,0.82,2.65,94.46,177415,-0.25,0.55,94.2,154601,0.49,0.97,89.5,170313,0.01,1.56,2008-04-01
England,http://landregistry.data.gov.uk/id/region/england,E92000001,2008-05,62969,monthly,93.55,189777,0.35,0.51,93.2,284684,-0.36,1.47,95.24,178896,0.84,0.5,94.34,154838,0.15,0.38,90.08,171415,0.65,-0.04,2008-05-01
England,http://landregistry.data.gov.uk/id/region/england,E92000001,2008-06,57038,monthly,92.36,187350,-1.28,-1.82,92.02,281068,-1.27,-1.1,94.01,176576,-1.3,-1.78,93.38,153261,-1.02,-1.92,88.62,168642,-1.62,-2.25,2008-06-01
England,http://landregistry.data.gov.uk/id/region/england,E92000001,2008-07,51095,monthly,91.61,185844,-0.8,-3.89,91.98,280959,-0.04,-3.24,93.2,175061,-0.86,-3.79,92.17,151274,-1.3,-4.26,87.99,167443,-0.71,-3.97,2008-07-01
England,http://landregistry.data.gov.uk/id/region/england,E92000001,2008-08,46910,monthly,89.47,181494,-2.34,-6.6,89.97,274826,-2.18,-5.95,91.02,170963,-2.34,-6.54,90.0,147717,-2.35,-7.09,85.83,163326,-2.46,-6.48,2008-08-01
England,http://landregistry.data.gov.uk/id/region/england,E92000001,2008-09,40222,monthly,87.37,177232,-2.35,-9.0,88.92,271619,-1.17,-7.34,88.41,166055,-2.87,-9.2,87.59,143757,-2.68,-9.43,83.88,159615,-2.27,-9.52,2008-09-01
England,http://landregistry.data.gov.uk/id/region/england,E92000001,2008-10,43079,monthly,85.41,173249,-2.25,-11.02,86.31,263623,-2.94,-10.15,86.8,163044,-1.81,-10.64,85.61,140503,-2.26,-11.42,82.08,156193,-2.14,-11.61,2008-10-01
England,http://landregistry.data.gov.uk/id/region/england,E92000001,2008-11,35029,monthly,82.93,168230,-2.9,-13.51,83.63,255449,-3.1,-13.07,84.68,159059,-2.44,-13.03,83.18,136524,-2.83,-13.63,79.34,150973,-3.34,-14.23,2008-11-01
England,http://landregistry.data.gov.uk/id/region/england,E92000001,2008-12,38540,monthly,81.73,165795,-1.45,-14.7,82.17,250993,-1.74,-13.64,83.25,156357,-1.7,-14.29,82.69,135718,-0.59,-14.35,77.71,147872,-2.05,-16.5,2008-12-01
England,http://landregistry.data.gov.uk/id/region/england,E92000001,2009-01,25782,monthly,80.19,162673,-1.88,-15.16,81.66,249447,-0.62,-13.81,81.27,152642,-2.38,-14.96,80.07,131417,-3.17,-15.61,77.24,146976,-0.61,-15.92,2009-01-01
England,http://landregistry.data.gov.uk/id/region/england,E92000001,2009-02,26660,monthly,79.35,160956,-1.06,-15.32,79.75,243589,-2.35,-14.88,80.83,151813,-0.54,-15.01,79.43,130359,-0.81,-15.55,76.78,146113,-0.59,-15.45,2009-02-01
England,http://landregistry.data.gov.uk/id/region/england,E92000001,2009-03,34857,monthly,78.55,159340,-1.0,-15.54,79.15,241759,-0.75,-14.69,79.64,149583,-1.47,-15.9,78.75,129244,-0.86,-15.99,76.16,144919,-0.82,-14.91,2009-03-01
England,http://landregistry.data.gov.uk/id/region/england,E92000001,2009-04,37585,monthly,79.22,160701,0.85,-15.02,79.39,242506,0.31,-15.12,80.9,151958,1.59,-14.35,79.84,131043,1.39,-15.24,75.81,144266,-0.45,-15.29,2009-04-01
England,http://landregistry.data.gov.uk/id/region/england,E92000001,2009-05,43500,monthly,80.22,162740,1.27,-14.25,80.42,245652,1.3,-13.71,81.89,153821,1.23,-14.02,80.8,132616,1.2,-14.35,76.88,146296,1.41,-14.65,2009-05-01
England,http://landregistry.data.gov.uk/id/region/england,E92000001,2009-06,51058,monthly,81.11,164536,1.1,-12.18,81.59,249229,1.46,-11.33,82.6,155148,0.86,-12.14,81.92,134445,1.38,-12.28,77.34,147179,0.6,-12.73,2009-06-01
England,http://landregistry.data.gov.uk/id/region/england,E92000001,2009-07,60332,monthly,82.66,167673,1.91,-9.78,83.46,254932,2.29,-9.26,84.36,158447,2.13,-9.49,83.55,137119,1.99,-9.36,78.07,148560,0.94,-11.28,2009-07-01
England,http://landregistry.data.gov.uk/id/region/england,E92000001,2009-08,56038,monthly,83.61,169603,1.15,-6.55,84.53,258189,1.28,-6.05,85.43,160458,1.27,-6.14,84.47,138640,1.11,-6.15,78.75,149846,0.87,-8.25,2009-08-01
England,http://landregistry.data.gov.uk/id/region/england,E92000001,2009-09,56068,monthly,84.4,171214,0.95,-3.4,85.19,260223,0.79,-4.2,85.85,161241,0.49,-2.9,85.27,139949,0.94,-2.65,80.25,152714,1.91,-4.32,2009-09-01
England,http://landregistry.data.gov.uk/id/region/england,E92000001,2009-10,62974,monthly,84.94,172314,0.64,-0.54,85.92,262447,0.85,-0.45,86.87,163158,1.19,0.07,85.77,140772,0.59,0.19,79.92,152088,-0.41,-2.63,2009-10-01
England,http://landregistry.data.gov.uk/id/region/england,E92000001,2009-11,58583,monthly,85.19,172818,0.29,2.73,86.5,264203,0.67,3.43,86.75,162935,-0.14,2.44,86.31,141655,0.63,3.76,79.9,152038,-0.03,0.71,2009-11-01
England,http://landregistry.data.gov.uk/id/region/england,E92000001,2009-12,75376,monthly,85.84,174136,0.76,5.03,85.63,261546,-1.01,4.2,87.9,165103,1.33,5.59,87.59,143754,1.48,5.92,80.72,153597,1.03,3.87,2009-12-01
England,http://landregistry.data.gov.uk/id/region/england,E92000001,2010-01,34383,monthly,86.0,174458,0.18,7.24,88.09,269072,2.88,7.87,87.64,164610,-0.3,7.84,86.68,142260,-1.04,8.25,80.3,152798,-0.52,3.96,2010-01-01
England,http://landregistry.data.gov.uk/id/region/england,E92000001,2010-02,40718,monthly,86.39,175248,0.45,8.88,87.97,268692,-0.14,10.31,88.41,166053,0.88,9.38,87.17,143067,0.57,9.75,80.61,153394,0.39,4.98,2010-02-01
England,http://landregistry.data.gov.uk/id/region/england,E92000001,2010-03,49166,monthly,86.15,174765,-0.28,9.68,87.69,267846,-0.32,10.79,87.64,164618,-0.86,10.05,86.68,142263,-0.56,10.07,81.54,155161,1.15,7.07,2010-03-01
England,http://landregistry.data.gov.uk/id/region/england,E92000001,2010-04,49802,monthly,87.15,176796,1.16,10.02,88.4,270032,0.82,11.35,89.11,167370,1.67,10.14,87.96,144371,1.48,10.17,81.81,155667,0.33,7.9,2010-04-01
England,http://landregistry.data.gov.uk/id/region/england,E92000001,2010-05,49793,monthly,87.63,177754,0.54,9.23,89.24,272595,0.95,10.97,89.3,167732,0.22,9.04,88.43,145141,0.53,9.44,82.24,156499,0.53,6.97,2010-05-01
England,http://landregistry.data.gov.uk/id/region/england,E92000001,2010-06,59887,monthly,88.07,178655,0.51,8.58,89.18,272388,-0.08,9.29,89.79,168657,0.55,8.71,89.31,146573,0.99,9.02,82.61,157200,0.45,6.81,2010-06-01
England,http://landregistry.data.gov.uk/id/region/england,E92000001,2010-07,64635,monthly,88.99,180519,1.04,7.66,91.23,278651,2.3,9.3,90.63,170235,0.94,7.44,89.83,147436,0.59,7.52,82.86,157684,0.31,6.14,2010-07-01
England,http://landregistry.data.gov.uk/id/region/england,E92000001,2010-08,58984,monthly,89.13,180807,0.16,6.61,91.37,279085,0.16,8.09,91.34,171568,0.78,6.92,89.58,147014,-0.29,6.04,82.78,157522,-0.1,5.12,2010-08-01
England,http://landregistry.data.gov.uk/id/region/england,E92000001,2010-09,55114,monthly,88.85,180231,-0.32,5.27,91.32,278931,-0.06,7.19,90.36,169714,-1.08,5.25,89.57,147008,0.0,5.04,82.81,157583,0.04,3.19,2010-09-01
England,http://landregistry.data.gov.uk/id/region/england,E92000001,2010-10,55948,monthly,87.8,178102,-1.18,3.36,90.17,275435,-1.25,4.95,89.61,168310,-0.83,3.16,88.23,144807,-1.5,2.87,81.87,155787,-1.14,2.43,2010-10-01
England,http://landregistry.data.gov.uk/id/region/england,E92000001,2010-11,53689,monthly,86.91,176301,-1.01,2.02,89.69,273966,-0.53,3.7,88.76,166719,-0.95,2.32,86.86,142554,-1.56,0.63,81.15,154420,-0.88,1.57,2010-11-01
England,http://landregistry.data.gov.uk/id/region/england,E92000001,2010-12,54383,monthly,86.78,176036,-0.15,1.09,88.69,270911,-1.12,3.58,88.56,166338,-0.23,0.75,87.29,143256,0.49,-0.35,81.33,154766,0.22,0.76,2010-12-01
England,http://landregistry.data.gov.uk/id/region/england,E92000001,2011-01,36005,monthly,85.99,174442,-0.91,-0.01,88.9,271553,0.24,0.92,87.31,163993,-1.41,-0.38,85.99,141127,-1.49,-0.8,80.78,153717,-0.68,0.6,2011-01-01
England,http://landregistry.data.gov.uk/id/region/england,E92000001,2011-02,37892,monthly,85.68,173811,-0.36,-0.82,88.35,269866,-0.62,0.44,86.93,163287,-0.43,-1.67,85.69,140631,-0.35,-1.7,80.84,153823,0.07,0.28,2011-02-01
England,http://landregistry.data.gov.uk/id/region/england,E92000001,2011-03,44568,monthly,85.3,173046,-0.44,-0.98,88.3,269719,-0.05,0.7,86.2,161914,-0.84,-1.64,85.25,139920,-0.51,-1.65,80.69,153536,-0.19,-1.05,2011-03-01
England,http://landregistry.data.gov.uk/id/region/england,E92000001,2011-04,48605,monthly,86.51,175490,1.41,-0.74,88.62,270693,0.36,0.24,87.48,164316,1.48,-1.83,86.84,142530,1.87,-1.27,82.25,156518,1.94,0.55,2011-04-01
England,http://landregistry.data.gov.uk/id/region/england,E92000001,2011-05,46851,monthly,86.1,174668,-0.47,-1.74,87.97,268694,-0.74,-1.43,87.58,164506,0.12,-1.92,86.23,141519,-0.71,-2.5,81.71,155477,-0.66,-0.65,2011-05-01
England,http://landregistry.data.gov.uk/id/region/england,E92000001,2011-06,55226,monthly,86.19,174838,0.1,-2.14,87.63,267670,-0.38,-1.73,87.79,164896,0.24,-2.23,86.6,142124,0.43,-3.04,81.67,155417,-0.04,-1.13,2011-06-01
England,http://landregistry.data.gov.uk/id/region/england,E92000001,2011-07,59692,monthly,87.33,177164,1.33,-1.86,89.11,272181,1.69,-2.32,88.48,166198,0.79,-2.37,87.68,143900,1.25,-2.4,83.21,158333,1.88,0.41,2011-07-01
England,http://landregistry.data.gov.uk/id/region/england,E92000001,2011-08,61631,monthly,87.42,177335,0.1,-1.92,89.86,274481,0.84,-1.65,89.15,167447,0.75,-2.4,87.66,143876,-0.02,-2.13,81.77,155598,-1.73,-1.22,2011-08-01
England,http://landregistry.data.gov.uk/id/region/england,E92000001,2011-09,60860,monthly,87.15,176783,-0.31,-1.91,89.66,273859,-0.23,-1.82,88.45,166130,-0.79,-2.11,87.53,143652,-0.16,-2.28,81.85,155744,0.09,-1.17,2011-09-01
England,http://landregistry.data.gov.uk/id/region/england,E92000001,2011-10,55412,monthly,86.35,175171,-0.91,-1.65,89.18,272417,-0.53,-1.1,88.0,165294,-0.5,-1.79,86.23,141529,-1.48,-2.26,80.91,153963,-1.14,-1.17,2011-10-01
England,http://landregistry.data.gov.uk/id/region/england,E92000001,2011-11,57594,monthly,86.37,175200,0.02,-0.62,88.77,271147,-0.47,-1.03,87.91,165119,-0.11,-0.96,86.04,141213,-0.22,-0.94,81.91,155873,1.24,0.94,2011-11-01
England,http://landregistry.data.gov.uk/id/region/england,E92000001,2011-12,60991,monthly,86.18,174812,-0.22,-0.7,87.96,268681,-0.91,-0.82,87.86,165018,-0.06,-0.79,86.27,141597,0.27,-1.16,81.6,155280,-0.38,0.33,2011-12-01
England,http://landregistry.data.gov.uk/id/region/england,E92000001,2012-01,42125,monthly,85.86,174179,-0.36,-0.15,87.98,268744,0.02,-1.03,87.55,164445,-0.35,0.28,85.95,141065,-0.38,-0.04,80.9,153939,-0.86,0.14,2012-01-01
England,http://landregistry.data.gov.uk/id/region/england,E92000001,2012-02,43023,monthly,85.85,174161,-0.01,0.2,87.98,268744,0.0,-0.42,87.39,164145,-0.18,0.53,86.3,141631,0.4,0.71,80.55,153278,-0.43,-0.35,2012-02-01
England,http://landregistry.data.gov.uk/id/region/england,E92000001,2012-03,58990,monthly,85.93,174323,0.09,0.74,86.74,264961,-1.41,-1.76,87.58,164505,0.22,1.6,86.86,142553,0.65,1.88,81.35,154801,0.99,0.82,2012-03-01
England,http://landregistry.data.gov.uk/id/region/england,E92000001,2012-04,41395,monthly,87.03,176543,1.27,0.6,88.92,271607,2.51,0.34,88.27,165786,0.78,0.89,87.12,142988,0.31,0.32,82.98,157909,2.01,0.89,2012-04-01
England,http://landregistry.data.gov.uk/id/region/england,E92000001,2012-05,50413,monthly,87.27,177026,0.27,1.35,88.73,271021,-0.22,0.87,88.57,166360,0.35,1.13,87.59,143756,0.54,1.58,83.3,158509,0.38,1.95,2012-05-01
England,http://landregistry.data.gov.uk/id/region/england,E92000001,2012-06,57212,monthly,88.09,178696,0.94,2.21,88.82,271301,0.1,1.36,89.18,167513,0.69,1.59,89.38,146691,2.04,3.21,83.85,159561,0.66,2.67,2012-06-01
England,http://landregistry.data.gov.uk/id/region/england,E92000001,2012-07,56838,monthly,88.61,179756,0.59,1.46,90.28,275768,1.65,1.32,89.7,168482,0.58,1.37,89.27,146520,-0.12,1.82,84.18,160186,0.39,1.17,2012-07-01
England,http://landregistry.data.gov.uk/id/region/england,E92000001,2012-08,62396,monthly,88.8,180129,0.21,1.58,90.19,275476,-0.11,0.36,90.1,169230,0.44,1.06,89.81,147399,0.6,2.45,83.86,159581,-0.38,2.56,2012-08-01
England,http://landregistry.data.gov.uk/id/region/england,E92000001,2012-09,50670,monthly,88.52,179563,-0.31,1.57,90.0,274905,-0.21,0.38,89.56,168224,-0.59,1.26,89.41,146751,-0.44,2.16,84.02,159875,0.18,2.65,2012-09-01
England,http://landregistry.data.gov.uk/id/region/england,E92000001,2012-10,56410,monthly,87.95,178412,-0.64,1.85,89.35,272924,-0.72,0.19,89.1,167351,-0.52,1.24,88.47,145203,-1.05,2.6,83.98,159803,-0.05,3.79,2012-10-01
England,http://landregistry.data.gov.uk/id/region/england,E92000001,2012-11,61010,monthly,88.07,178662,0.14,1.98,89.51,273414,0.18,0.84,89.33,167787,0.26,1.62,88.86,145834,0.43,3.27,83.49,158881,-0.58,1.93,2012-11-01
England,http://landregistry.data.gov.uk/id/region/england,E92000001,2012-12,54054,monthly,87.95,178406,-0.14,2.06,89.24,272600,-0.3,1.46,88.92,167007,-0.46,1.21,88.79,145717,-0.08,2.91,83.88,159610,0.46,2.79,2012-12-01
England,http://landregistry.data.gov.uk/id/region/england,E92000001,2013-01,41530,monthly,87.16,176816,-0.89,1.51,88.62,270680,-0.7,0.72,88.66,166525,-0.29,1.26,87.44,143507,-1.52,1.73,83.0,157947,-1.04,2.6,2013-01-01
England,http://landregistry.data.gov.uk/id/region/england,E92000001,2013-02,43191,monthly,87.35,177203,0.22,1.75,88.64,270741,0.02,0.74,88.43,166105,-0.25,1.19,87.95,144347,0.59,1.92,83.49,158875,0.59,3.65,2013-02-01
England,http://landregistry.data.gov.uk/id/region/england,E92000001,2013-03,52099,monthly,87.84,178189,0.56,2.22,89.53,273464,1.01,3.21,88.81,166808,0.42,1.4,88.27,144873,0.36,1.63,83.89,159637,0.48,3.12,2013-03-01
England,http://landregistry.data.gov.uk/id/region/england,E92000001,2013-04,48744,monthly,88.68,179900,0.96,1.9,89.92,274649,0.43,1.12,89.57,168231,0.85,1.47,89.25,146485,1.11,2.45,85.2,162125,1.56,2.67,2013-04-01
England,http://landregistry.data.gov.uk/id/region/england,E92000001,2013-05,63360,monthly,89.04,180621,0.4,2.03,89.86,274490,-0.06,1.28,90.09,169209,0.58,1.71,89.69,147210,0.49,2.4,85.69,163064,0.58,2.87,2013-05-01
England,http://landregistry.data.gov.uk/id/region/england,E92000001,2013-06,63222,monthly,89.76,182088,0.81,1.9,90.38,276077,0.58,1.76,90.72,170400,0.7,1.72,90.85,149113,1.29,1.65,86.13,163902,0.51,2.72,2013-06-01
England,http://landregistry.data.gov.uk/id/region/england,E92000001,2013-07,70536,monthly,90.84,184274,1.2,2.51,91.74,280209,1.5,1.61,91.6,172055,0.97,2.12,91.66,150427,0.88,2.67,87.57,166628,1.66,4.02,2013-07-01
England,http://landregistry.data.gov.uk/id/region/england,E92000001,2013-08,76183,monthly,91.51,185642,0.74,3.06,92.38,282175,0.7,2.43,92.58,173892,1.07,2.75,92.35,151571,0.76,2.83,87.82,167111,0.29,4.72,2013-08-01
England,http://landregistry.data.gov.uk/id/region/england,E92000001,2013-09,67217,monthly,91.73,186082,0.24,3.63,92.99,284027,0.66,3.32,92.21,173187,-0.41,2.95,92.37,151607,0.02,3.31,88.68,168755,0.98,5.55,2013-09-01
England,http://landregistry.data.gov.uk/id/region/england,E92000001,2013-10,75111,monthly,91.37,185358,-0.39,3.89,92.96,283961,-0.02,4.04,92.14,173058,-0.07,3.41,91.41,150022,-1.05,3.32,88.44,168285,-0.28,5.31,2013-10-01
England,http://landregistry.data.gov.uk/id/region/england,E92000001,2013-11,81041,monthly,91.82,186260,0.49,4.25,92.56,282733,-0.43,3.41,92.79,174278,0.7,3.87,92.2,151321,0.87,3.76,89.11,169563,0.76,6.72,2013-11-01
England,http://landregistry.data.gov.uk/id/region/england,E92000001,2013-12,77833,monthly,92.95,188544,1.23,5.68,92.85,283606,0.31,4.04,93.72,176030,1.0,5.4,93.5,153457,1.41,5.31,91.29,173720,2.45,8.84,2013-12-01
England,http://landregistry.data.gov.uk/id/region/england,E92000001,2014-01,64587,monthly,92.81,188265,-0.15,6.48,93.58,285834,0.79,5.6,93.19,175040,-0.56,5.11,93.02,152675,-0.51,6.39,91.15,173440,-0.16,9.81,2014-01-01
England,http://landregistry.data.gov.uk/id/region/england,E92000001,2014-02,64181,monthly,93.34,189347,0.57,6.85,94.02,287173,0.47,6.07,93.94,176449,0.81,6.23,93.59,153599,0.61,6.41,91.47,174059,0.36,9.56,2014-02-01
England,http://landregistry.data.gov.uk/id/region/england,E92000001,2014-03,66594,monthly,93.68,190037,0.36,6.65,93.7,286205,-0.34,4.66,94.3,177128,0.38,6.19,94.08,154402,0.52,6.58,92.31,175657,0.92,10.04,2014-03-01
England,http://landregistry.data.gov.uk/id/region/england,E92000001,2014-04,69314,monthly,95.76,194251,2.22,7.98,95.79,292607,2.24,6.54,96.12,180531,1.92,7.31,96.4,158218,2.47,8.01,94.35,179535,2.21,10.74,2014-04-01
England,http://landregistry.data.gov.uk/id/region/england,E92000001,2014-05,76211,monthly,96.7,196171,0.99,8.61,96.15,293682,0.37,6.99,97.01,182212,0.93,7.68,97.42,159887,1.05,8.61,95.94,182556,1.68,11.95,2014-05-01
England,http://landregistry.data.gov.uk/id/region/england,E92000001,2014-06,79628,monthly,97.58,197951,0.91,8.71,96.9,295994,0.79,7.21,98.03,184122,1.05,8.05,98.27,161284,0.87,8.16,96.81,184220,0.91,12.4,2014-06-01
England,http://landregistry.data.gov.uk/id/region/england,E92000001,2014-07,83160,monthly,99.0,200825,1.45,8.98,98.65,301318,1.8,7.53,99.15,186222,1.14,8.23,99.85,163881,1.61,8.94,98.0,186483,1.23,11.92,2014-07-01
England,http://landregistry.data.gov.uk/id/region/england,E92000001,2014-08,86320,monthly,100.27,203406,1.28,9.57,100.03,305532,1.4,8.28,100.45,188678,1.32,8.5,101.03,165811,1.18,9.39,99.24,188844,1.27,13.01,2014-08-01
England,http://landregistry.data.gov.uk/id/region/england,E92000001,2014-09,77547,monthly,100.39,203639,0.11,9.44,100.1,305753,0.07,7.65,100.28,188360,-0.17,8.76,101.07,165873,0.04,9.41,99.87,190050,0.64,12.62,2014-09-01
England,http://landregistry.data.gov.uk/id/region/england,E92000001,2014-10,84927,monthly,100.22,203311,-0.16,9.69,100.19,306037,0.09,7.77,100.34,188458,0.05,8.9,100.54,165005,-0.52,9.99,99.67,189664,-0.2,12.7,2014-10-01
England,http://landregistry.data.gov.uk/id/region/england,E92000001,2014-11,72004,monthly,99.93,202704,-0.3,8.83,99.97,305355,-0.22,8.0,100.21,188217,-0.13,8.0,100.15,164367,-0.39,8.62,99.2,188765,-0.47,11.32,2014-11-01
England,http://landregistry.data.gov.uk/id/region/england,E92000001,2014-12,76741,monthly,100.24,203346,0.32,7.85,100.06,305638,0.09,7.77,100.24,188273,0.03,6.96,100.51,164959,0.36,7.5,100.07,190423,0.88,9.61,2014-12-01
England,http://landregistry.data.gov.uk/id/region/england,E92000001,2015-01,56362,monthly,100.0,202856,-0.24,7.75,100.0,305452,-0.06,6.86,100.0,187827,-0.24,7.31,100.0,164123,-0.51,7.5,100.0,190290,-0.07,9.72,2015-01-01
England,http://landregistry.data.gov.uk/id/region/england,E92000001,2015-02,57669,monthly,100.28,203424,0.28,7.43,100.25,306211,0.25,6.63,100.11,188027,0.11,6.56,100.39,164756,0.39,7.26,100.39,191036,0.39,9.75,2015-02-01
England,http://landregistry.data.gov.uk/id/region/england,E92000001,2015-03,65281,monthly,100.25,203360,-0.03,7.01,100.56,307160,0.31,7.32,100.3,188399,0.2,6.36,99.91,163970,-0.48,6.2,100.33,190914,-0.06,8.69,2015-03-01
England,http://landregistry.data.gov.uk/id/region/england,E92000001,2015-04,62391,monthly,101.52,205936,1.27,6.02,101.61,310361,1.04,6.07,101.44,190529,1.13,5.54,101.77,167023,1.86,5.57,101.14,192450,0.8,7.19,2015-04-01
England,http://landregistry.data.gov.uk/id/region/england,E92000001,2015-05,72232,monthly,102.67,208265,1.13,6.16,102.16,312056,0.55,6.26,102.83,193136,1.37,6.0,102.82,168753,1.04,5.55,102.83,195666,1.67,7.18,2015-05-01
England,http://landregistry.data.gov.uk/id/region/england,E92000001,2015-06,81857,monthly,103.46,209874,0.77,6.02,102.96,314484,0.78,6.25,103.68,194747,0.83,5.77,104.2,171013,1.34,6.03,102.63,195288,-0.19,6.01,2015-06-01
England,http://landregistry.data.gov.uk/id/region/england,E92000001,2015-07,89783,monthly,105.26,213518,1.74,6.32,104.77,320036,1.77,6.21,105.33,197839,1.59,6.24,105.67,173425,1.41,5.82,105.1,200004,2.42,7.25,2015-07-01
England,http://landregistry.data.gov.uk/id/region/england,E92000001,2015-08,81957,monthly,106.36,215756,1.05,6.07,106.09,324044,1.25,6.06,106.37,199784,0.98,5.89,106.75,175208,1.03,5.67,106.07,201842,0.92,6.88,2015-08-01
England,http://landregistry.data.gov.uk/id/region/england,E92000001,2015-09,80192,monthly,106.65,216350,0.28,6.24,107.04,326952,0.9,6.93,106.19,199460,-0.16,5.89,106.7,175126,-0.05,5.58,106.73,203091,0.62,6.86,2015-09-01
England,http://landregistry.data.gov.uk/id/region/england,E92000001,2015-10,88132,monthly,106.81,216676,0.15,6.57,106.86,326398,-0.17,6.65,106.83,200651,0.6,6.47,107.06,175715,0.34,6.49,106.35,202376,-0.35,6.7,2015-10-01
England,http://landregistry.data.gov.uk/id/region/england,E92000001,2015-11,78861,monthly,107.71,218500,0.84,7.79,107.7,328957,0.78,7.73,107.66,202221,0.78,7.44,107.79,176903,0.68,7.63,107.68,204910,1.25,8.55,2015-11-01
England,http://landregistry.data.gov.uk/id/region/england,E92000001,2015-12,80366,monthly,108.25,219582,0.5,7.98,108.37,331013,0.63,8.3,108.09,203031,0.4,7.84,108.3,177739,0.47,7.75,108.22,205939,0.5,8.15,2015-12-01
England,http://landregistry.data.gov.uk/id/region/england,E92000001,2016-01,59992,monthly,108.63,220361,0.35,8.63,108.15,330358,-0.2,8.15,108.82,204390,0.67,8.82,108.42,177948,0.12,8.42,109.28,207941,0.97,9.28,2016-01-01
England,http://landregistry.data.gov.uk/id/region/england,E92000001,2016-02,65124,monthly,108.76,220627,0.12,8.46,108.45,331270,0.28,8.18,108.65,204072,-0.16,8.53,108.83,178610,0.37,8.41,109.19,207771,-0.08,8.76,2016-02-01
England,http://landregistry.data.gov.uk/id/region/england,E92000001,2016-03,119302,monthly,109.76,222663,0.92,9.49,109.99,335972,1.42,9.38,108.79,204332,0.13,8.46,109.43,179607,0.56,9.54,111.35,211891,1.98,10.99,2016-03-01
England,http://landregistry.data.gov.uk/id/region/england,E92000001,2016-04,52590,monthly,110.32,223784,0.5,8.67,109.38,334113,-0.55,7.65,110.37,207296,1.45,8.8,110.84,181914,1.28,8.92,110.58,210424,-0.69,9.34,2016-04-01
England,http://landregistry.data.gov.uk/id/region/england,E92000001,2016-05,60179,monthly,111.59,226370,1.16,8.69,109.78,335334,0.37,7.46,111.28,209006,0.82,8.22,112.19,184130,1.22,9.11,113.33,215654,2.49,10.21,2016-05-01
England,http://landregistry.data.gov.uk/id/region/england,E92000001,2016-06,74259,monthly,112.61,228430,0.91,8.84,112.02,342170,2.04,8.8,112.21,210756,0.84,8.22,113.01,185472,0.73,8.46,113.25,215500,-0.07,10.35,2016-06-01
England,http://landregistry.data.gov.uk/id/region/england,E92000001,2016-07,77919,monthly,113.81,230868,1.07,8.13,112.7,344250,0.61,7.57,113.58,213331,1.22,7.83,114.46,187859,1.29,8.32,114.47,217820,1.08,8.91,2016-07-01
England,http://landregistry.data.gov.uk/id/region/england,E92000001,2016-08,79655,monthly,113.96,231176,0.13,7.15,113.15,345628,0.4,6.66,113.71,213584,0.12,6.91,114.39,187742,-0.06,7.15,114.62,218109,0.13,8.06,2016-08-01
England,http://landregistry.data.gov.uk/id/region/england,E92000001,2016-09,76114,monthly,113.8,230848,-0.14,6.7,113.54,346813,0.34,6.07,113.66,213476,-0.05,7.03,113.74,186667,-0.57,6.59,114.41,217713,-0.18,7.2,2016-09-01
England,http://landregistry.data.gov.uk/id/region/england,E92000001,2016-10,70825,monthly,113.35,229944,-0.39,6.12,113.35,346217,-0.17,6.07,113.22,212661,-0.38,5.99,112.63,184854,-0.97,5.2,114.68,218226,0.24,7.83,2016-10-01
England,http://landregistry.data.gov.uk/id/region/england,E92000001,2016-11,74097,monthly,113.9,231053,0.48,5.75,114.48,349672,1.0,6.3,113.61,213385,0.34,5.52,112.98,185434,0.31,4.82,115.04,218906,0.31,6.83,2016-11-01
England,http://landregistry.data.gov.uk/id/region/england,E92000001,2016-12,79605,monthly,114.33,231922,0.38,5.62,114.39,349408,-0.08,5.56,113.87,213878,0.23,5.34,113.86,186867,0.77,5.14,115.62,220018,0.51,6.84,2016-12-01
England,http://landregistry.data.gov.uk/id/region/england,E92000001,2017-01,57498,monthly,114.17,231593,-0.14,5.1,114.5,349733,0.09,5.86,113.73,213611,-0.12,4.51,113.33,185996,-0.47,4.52,115.69,220139,0.06,5.87,2017-01-01
England,http://landregistry.data.gov.uk/id/region/england,E92000001,2017-02,60662,monthly,114.71,232696,0.48,5.47,114.44,349569,-0.05,5.52,113.72,213593,-0.01,4.67,113.92,186974,0.53,4.68,117.65,223873,1.7,7.75,2017-02-01
England,http://landregistry.data.gov.uk/id/region/england,E92000001,2017-03,74386,monthly,114.25,231760,-0.4,4.09,114.61,350079,0.15,4.2,113.69,213544,-0.02,4.51,113.19,185775,-0.64,3.43,116.23,221172,-1.21,4.38,2017-03-01
England,http://landregistry.data.gov.uk/id/region/england,E92000001,2017-04,62318,monthly,115.86,235021,1.41,5.02,115.97,354228,1.19,6.02,115.26,216485,1.38,4.43,115.07,188856,1.66,3.82,117.78,224125,1.34,6.51,2017-04-01
England,http://landregistry.data.gov.uk/id/region/england,E92000001,2017-05,69176,monthly,116.7,236727,0.73,4.58,115.72,353461,-0.22,5.41,116.55,218918,1.12,4.74,115.78,190021,0.62,3.2,119.51,227417,1.47,5.45,2017-05-01
England,http://landregistry.data.gov.uk/id/region/england,E92000001,2017-06,84327,monthly,117.62,238595,0.79,4.45,116.95,357220,1.06,4.4,117.19,220112,0.55,4.44,117.24,192410,1.26,3.74,119.63,227646,0.1,5.64,2017-06-01
England,http://landregistry.data.gov.uk/id/region/england,E92000001,2017-07,76993,monthly,119.0,241406,1.18,4.56,118.35,361493,1.2,5.01,118.68,222914,1.27,4.49,118.44,194396,1.03,3.48,121.12,230482,1.25,5.81,2017-07-01
England,http://landregistry.data.gov.uk/id/region/england,E92000001,2017-08,82670,monthly,119.61,242628,0.51,4.95,118.87,363088,0.44,5.05,119.18,223857,0.42,4.81,119.61,196312,0.99,4.56,121.1,230443,-0.02,5.65,2017-08-01
England,http://landregistry.data.gov.uk/id/region/england,E92000001,2017-09,78082,monthly,119.32,242041,-0.24,4.85,119.57,365228,0.59,5.31,118.99,223502,-0.16,4.7,118.9,195140,-0.6,4.54,120.13,228595,-0.8,5.0,2017-09-01
England,http://landregistry.data.gov.uk/id/region/england,E92000001,2017-10,77047,monthly,119.3,242003,-0.02,5.24,119.65,365469,0.07,5.56,119.53,224513,0.45,5.57,118.57,194602,-0.28,5.27,119.7,227770,-0.36,4.37,2017-10-01
England,http://landregistry.data.gov.uk/id/region/england,E92000001,2017-11,76788,monthly,118.85,241086,-0.38,4.34,118.86,363065,-0.66,3.83,119.12,223741,-0.34,4.85,118.24,194051,-0.28,4.65,119.41,227222,-0.24,3.8,2017-11-01
England,http://landregistry.data.gov.uk/id/region/england,E92000001,2017-12,76522,monthly,119.48,242378,0.54,4.51,119.46,364892,0.5,4.43,119.85,225102,0.61,5.25,119.28,195761,0.88,4.76,119.36,227130,-0.04,3.23,2017-12-01
England,http://landregistry.data.gov.uk/id/region/england,E92000001,2018-01,57138,monthly,118.83,241061,-0.54,4.09,119.19,364058,-0.23,4.1,119.14,223772,-0.59,4.76,117.87,193455,-1.18,4.01,119.49,227374,0.11,3.29,2018-01-01
England,http://landregistry.data.gov.uk/id/region/england,E92000001,2018-02,58494,monthly,119.29,241989,0.39,3.99,120.07,366752,0.74,4.92,119.39,224239,0.21,4.98,118.6,194649,0.62,4.1,119.32,227060,-0.14,1.42,2018-02-01
England,http://landregistry.data.gov.uk/id/region/england,E92000001,2018-03,68184,monthly,118.52,240428,-0.65,3.74,119.15,363951,-0.76,3.96,118.94,223394,-0.38,4.61,118.23,194044,-0.31,4.45,117.71,223988,-1.35,1.27,2018-03-01
England,http://landregistry.data.gov.uk/id/region/england,E92000001,2018-04,58939,monthly,119.49,242396,0.82,3.14,119.8,365944,0.55,3.31,120.19,225756,1.06,4.28,119.58,196259,1.14,3.92,118.13,224796,0.36,0.3,2018-04-01
England,http://landregistry.data.gov.uk/id/region/england,E92000001,2018-05,67590,monthly,120.01,243445,0.43,2.84,120.48,368006,0.56,4.12,120.73,226764,0.45,3.58,120.06,197039,0.4,3.69,118.49,225472,0.3,-0.86,2018-05-01
England,http://landregistry.data.gov.uk/id/region/england,E92000001,2018-06,79056,monthly,120.76,244962,0.62,2.67,120.95,369449,0.39,3.42,121.85,228872,0.93,3.98,120.49,197758,0.36,2.78,119.49,227383,0.85,-0.12,2018-06-01
England,http://landregistry.data.gov.uk/id/region/england,E92000001,2018-07,73910,monthly,122.25,247981,1.23,2.72,123.22,376383,1.88,4.12,123.03,231083,0.97,3.66,122.18,200525,1.4,3.15,120.17,228677,0.57,-0.78,2018-07-01
England,http://landregistry.data.gov.uk/id/region/england,E92000001,2018-08,84466,monthly,122.56,248620,0.26,2.47,123.28,376560,0.05,3.71,123.51,231992,0.39,3.63,122.75,201469,0.47,2.63,120.2,228736,0.03,-0.74,2018-08-01
England,http://landregistry.data.gov.uk/id/region/england,E92000001,2018-09,68839,monthly,122.38,248248,-0.15,2.56,123.62,377614,0.28,3.39,123.5,231961,-0.01,3.79,122.28,200684,-0.39,2.84,119.56,227508,-0.54,-0.48,2018-09-01
England,http://landregistry.data.gov.uk/id/region/england,E92000001,2018-10,76864,monthly,122.13,247757,-0.2,2.38,123.28,376569,-0.28,3.04,123.25,231502,-0.2,3.11,121.77,199857,-0.41,2.7,119.81,227981,0.21,0.09,2018-10-01
England,http://landregistry.data.gov.uk/id/region/england,E92000001,2018-11,81610,monthly,121.73,246940,-0.33,2.43,123.14,376142,-0.11,3.6,122.97,230973,-0.23,3.23,121.62,199607,-0.13,2.86,118.57,225623,-1.03,-0.7,2018-11-01
England,http://landregistry.data.gov.uk/id/region/england,E92000001,2018-12,69841,monthly,121.46,246380,-0.23,1.65,122.18,373190,-0.78,2.27,122.85,230739,-0.1,2.5,121.11,198769,-0.42,1.54,119.25,226923,0.58,-0.09,2018-12-01
England,http://landregistry.data.gov.uk/id/region/england,E92000001,2019-01,54134,monthly,120.6,244641,-0.71,1.48,122.62,374559,0.37,2.88,121.93,229019,-0.75,2.34,119.7,196453,-1.17,1.55,117.67,223908,-1.33,-1.52,2019-01-01
England,http://landregistry.data.gov.uk/id/region/england,E92000001,2019-02,57330,monthly,120.49,244427,-0.09,1.01,122.21,373299,-0.34,1.79,121.73,228633,-0.17,1.96,119.92,196809,0.18,1.11,117.62,223812,-0.04,-1.43,2019-02-01
England,http://landregistry.data.gov.uk/id/region/england,E92000001,2019-03,65206,monthly,119.78,242982,-0.59,1.06,121.03,369683,-0.97,1.57,121.54,228288,-0.15,2.19,119.4,195955,-0.43,0.98,116.43,221555,-1.01,-1.09,2019-03-01
England,http://landregistry.data.gov.uk/id/region/england,E92000001,2019-04,60107,monthly,120.61,244662,0.69,0.93,121.5,371113,0.39,1.41,122.13,229399,0.49,1.61,120.85,198335,1.21,1.06,117.14,222913,0.61,-0.84,2019-04-01
England,http://landregistry.data.gov.uk/id/region/england,E92000001,2019-05,66812,monthly,120.74,244928,0.11,0.61,121.48,371062,-0.01,0.83,122.56,230200,0.35,1.52,121.3,199088,0.38,1.04,116.54,221767,-0.51,-1.64,2019-05-01
England,http://landregistry.data.gov.uk/id/region/england,E92000001,2019-06,69001,monthly,121.19,245846,0.37,0.36,121.82,372097,0.28,0.72,123.03,231082,0.38,0.97,121.35,199166,0.04,0.71,117.71,224000,1.01,-1.49,2019-06-01
England,http://landregistry.data.gov.uk/id/region/england,E92000001,2019-07,73613,monthly,122.49,248468,1.07,0.2,123.06,375878,1.02,-0.13,123.89,232701,0.7,0.7,122.84,201611,1.23,0.54,119.43,227260,1.46,-0.62,2019-07-01
England,http://landregistry.data.gov.uk/id/region/england,E92000001,2019-08,78838,monthly,122.86,249221,0.3,0.24,124.01,378777,0.77,0.59,124.46,233762,0.46,0.76,123.81,203207,0.79,0.86,117.89,224332,-1.29,-1.93,2019-08-01
England,http://landregistry.data.gov.uk/id/region/england,E92000001,2019-09,69020,monthly,123.06,249637,0.17,0.56,123.79,378114,-0.17,0.13,124.23,233332,-0.18,0.59,123.78,203148,-0.03,1.23,119.63,227640,1.47,0.06,2019-09-01
England,http://landregistry.data.gov.uk/id/region/england,E92000001,2019-10,74620,monthly,122.67,248842,-0.32,0.44,123.47,377127,-0.26,0.15,125.1,234973,0.7,1.5,122.77,201495,-0.81,0.82,118.19,224898,-1.2,-1.35,2019-10-01
England,http://landregistry.data.gov.uk/id/region/england,E92000001,2019-11,76702,monthly,122.19,247867,-0.39,0.38,123.52,377293,0.04,0.31,124.59,234008,-0.41,1.31,122.49,201028,-0.23,0.71,116.79,222243,-1.18,-1.5,2019-11-01
England,http://landregistry.data.gov.uk/id/region/england,E92000001,2019-12,70541,monthly,122.3,248097,0.09,0.7,122.88,375353,-0.51,0.58,124.16,233213,-0.34,1.07,122.91,201726,0.35,1.49,118.18,224882,1.19,-0.9,2019-12-01
England,http://landregistry.data.gov.uk/id/region/england,E92000001,2020-01,56603,monthly,122.2,247898,-0.08,1.33,123.23,376422,0.28,0.5,124.39,233645,0.19,2.02,122.36,200819,-0.45,2.22,117.7,223969,-0.41,0.03,2020-01-01
England,http://landregistry.data.gov.uk/id/region/england,E92000001,2020-02,56568,monthly,121.63,246739,-0.47,0.95,122.88,375328,-0.29,0.54,123.67,232287,-0.58,1.6,122.32,200753,-0.03,2.0,116.27,221254,-1.21,-1.14,2020-02-01
England,http://landregistry.data.gov.uk/id/region/england,E92000001,2020-03,57626,monthly,122.81,249121,0.97,2.53,123.93,378553,0.86,2.4,124.68,234188,0.82,2.58,123.08,202000,0.62,3.08,118.49,225478,1.91,1.77,2020-03-01
England,http://landregistry.data.gov.uk/id/region/england,E92000001,2020-04,23673,monthly,121.48,246424,-1.08,0.72,123.59,377497,-0.28,1.72,123.36,231699,-1.06,1.0,121.95,200144,-0.92,0.91,115.53,219836,-2.5,-1.38,2020-04-01
England,http://landregistry.data.gov.uk/id/region/england,E92000001,2020-05,30798,monthly,122.01,247499,0.44,1.05,123.33,376707,-0.21,1.52,124.44,233738,0.88,1.54,122.02,200260,0.06,0.59,116.94,222534,1.23,0.35,2020-05-01
England,http://landregistry.data.gov.uk/id/region/england,E92000001,2020-06,46664,monthly,123.6,250739,1.31,1.99,124.0,378757,0.54,1.79,126.16,236968,1.38,2.55,124.86,204932,2.33,2.89,117.73,224025,0.67,0.01,2020-06-01
England,http://landregistry.data.gov.uk/id/region/england,E92000001,2020-07,54524,monthly,124.83,253226,0.99,1.92,125.72,384026,1.39,2.17,127.17,238857,0.8,2.65,125.64,206198,0.62,2.28,119.31,227032,1.34,-0.1,2020-07-01
England,http://landregistry.data.gov.uk/id/region/england,E92000001,2020-08,56476,monthly,126.1,255802,1.02,2.64,127.75,390210,1.61,3.02,128.86,242027,1.33,3.54,126.92,208306,1.02,2.51,118.91,226269,-0.34,0.86,2020-08-01
England,http://landregistry.data.gov.uk/id/region/england,E92000001,2020-09,62864,monthly,127.26,258155,0.92,3.41,129.21,394660,1.14,4.38,129.53,243296,0.52,4.27,128.25,210491,1.05,3.61,120.17,228668,1.06,0.45,2020-09-01
England,http://landregistry.data.gov.uk/id/region/england,E92000001,2020-10,77907,monthly,127.97,259592,0.56,4.32,130.26,397882,0.82,5.5,130.46,245048,0.72,4.29,129.33,212253,0.84,5.34,119.54,227480,-0.52,1.15,2020-10-01
England,http://landregistry.data.gov.uk/id/region/england,E92000001,2020-11,76747,monthly,129.36,262409,1.09,5.87,131.3,401047,0.8,6.3,131.76,247478,0.99,5.76,130.96,214943,1.27,6.92,121.18,230585,1.36,3.75,2020-11-01
England,http://landregistry.data.gov.uk/id/region/england,E92000001,2020-12,85705,monthly,130.62,264971,0.98,6.8,132.66,405200,1.04,7.95,133.08,249953,1.0,7.18,132.53,217514,1.2,7.83,121.79,231756,0.51,3.06,2020-12-01
England,http://landregistry.data.gov.uk/id/region/england,E92000001,2021-01,70906,monthly,130.5,264676,-0.1,6.8,130.1,397394,-1.9,5.6,133.2,250195,0.1,7.1,132.6,217548,0.0,8.3,124.2,236316,2.0,5.5,2021-01-01
England,http://landregistry.data.gov.uk/id/region/england,E92000001,2021-02,90060,monthly,131.2,266179,0.6,7.9,130.5,398736,0.3,6.2,133.8,251304,0.4,8.2,133.8,219605,0.9,9.4,124.8,237522,0.5,7.4,2021-02-01
England,http://landregistry.data.gov.uk/id/region/england,E92000001,2021-03,128525,monthly,132.8,269460,1.2,8.2,131.7,402221,0.9,6.3,135.0,253552,0.9,8.3,135.6,222619,1.4,10.2,127.5,242590,2.1,7.6,2021-03-01
England,http://landregistry.data.gov.uk/id/region/england,E92000001,2021-04,82173,monthly,130.9,265538,-1.5,7.8,130.7,399196,-0.8,5.7,133.2,250268,-1.3,8.0,133.4,218927,-1.7,9.4,124.4,236644,-2.5,7.6,2021-04-01
England,http://landregistry.data.gov.uk/id/region/england,E92000001,2021-05,71336,monthly,131.2,266067,0.2,7.5,131.1,400373,0.3,6.3,133.8,251253,0.4,7.5,133.8,219532,0.3,9.6,123.9,235683,-0.4,5.9,2021-05-01
England,http://landregistry.data.gov.uk/id/region/england,E92000001,2021-06,162673,monthly,139.0,281876,5.9,12.4,137.5,419963,4.9,10.9,141.2,265240,5.6,11.9,143.8,236036,7.5,15.2,130.8,248887,5.6,11.1,2021-06-01
England,http://landregistry.data.gov.uk/id/region/england,E92000001,2021-07,52302,monthly,130.8,265370,-5.9,4.8,130.6,398824,-5.0,3.9,133.8,251297,-5.3,5.2,132.5,217440,-7.9,5.5,124.6,237082,-4.7,4.4,2021-07-01
England,http://landregistry.data.gov.uk/id/region/england,E92000001,2021-08,71786,monthly,135.3,274530,3.5,7.3,136.1,415835,4.3,6.6,138.5,260229,3.6,7.5,137.5,225691,3.8,8.3,126.5,240648,1.5,6.4,2021-08-01
England,http://landregistry.data.gov.uk/id/region/england,E92000001,2021-09,125654,monthly,140.0,283901,3.4,10.0,139.5,426192,2.5,8.0,143.2,268886,3.3,10.5,143.9,236231,4.7,12.2,130.1,247635,2.9,8.3,2021-09-01
England,http://landregistry.data.gov.uk/id/region/england,E92000001,2021-10,53907,monthly,135.6,275118,-3.1,6.0,138.8,424091,-0.5,6.6,138.6,260297,-3.2,6.2,136.7,224277,-5.1,5.7,125.6,238933,-3.5,5.0,2021-10-01
England,http://landregistry.data.gov.uk/id/region/england,E92000001,2021-11,68044,monthly,138.7,281382,2.3,7.2,141.0,430707,1.6,7.4,142.1,266983,2.6,7.9,140.2,230065,2.6,7.0,128.5,244565,2.4,6.1,2021-11-01
England,http://landregistry.data.gov.uk/id/region/england,E92000001,2021-12,76166,monthly,139.8,283638,0.8,7.0,141.5,432229,0.4,6.7,142.8,268189,0.5,7.3,142.7,234149,1.8,7.6,129.2,245763,0.5,6.0,2021-12-01
England,http://landregistry.data.gov.uk/id/region/england,E92000001,2022-01,57602,monthly,141.1,286221,0.9,8.1,143.1,437010,1.1,10.0,144.9,272199,1.5,8.8,143.3,235238,0.5,8.1,129.6,246611,0.3,4.4,2022-01-01
England,http://landregistry.data.gov.uk/id/region/england,E92000001,2022-02,66048,monthly,141.6,287316,0.4,7.9,143.1,437237,0.1,9.7,145.4,273056,0.3,8.7,143.8,235942,0.3,7.4,131.2,249692,1.2,5.1,2022-02-01
England,http://landregistry.data.gov.uk/id/region/england,E92000001,2022-03,75440,monthly,142.1,288333,0.4,7.0,144.1,440235,0.7,9.5,146.2,274581,0.6,8.3,144.4,236991,0.4,6.5,130.2,247763,-0.8,2.1,2022-03-01
England,http://landregistry.data.gov.uk/id/region/england,E92000001,2022-04,68234,monthly,143.5,291072,1.0,9.6,145.0,442995,0.6,11.0,147.2,276420,0.7,10.4,146.7,240752,1.6,10.0,131.3,249924,0.9,5.6,2022-04-01
England,http://landregistry.data.gov.uk/id/region/england,E92000001,2022-05,68223,monthly,145.2,294539,1.2,10.7,146.8,448373,1.2,12.0,149.6,281033,1.7,11.9,148.3,243375,1.1,10.9,131.9,251032,0.4,6.5,2022-05-01
England,http://landregistry.data.gov.uk/id/region/england,E92000001,2022-06,71809,monthly,146.8,297750,1.1,5.6,147.7,451060,0.6,7.4,150.8,283217,0.8,6.8,150.3,246696,1.4,4.5,134.6,256156,2.0,2.9,2022-06-01
England,http://landregistry.data.gov.uk/id/region/england,E92000001,2022-07,76486,monthly,149.6,303480,1.9,14.4,150.8,460676,2.1,15.5,154.3,289865,2.3,15.3,153.6,252012,2.2,15.9,135.1,257063,0.4,8.4,2022-07-01
England,http://landregistry.data.gov.uk/id/region/england,E92000001,2022-08,79111,monthly,151.0,306412,1.0,11.6,152.6,466113,1.2,12.1,155.5,291987,0.7,12.2,155.2,254777,1.1,12.9,136.2,259094,0.8,7.7,2022-08-01
England,http://landregistry.data.gov.uk/id/region/england,E92000001,2022-09,79500,monthly,151.5,307355,0.3,8.3,153.3,468137,0.4,9.8,156.0,293054,0.4,9.0,155.6,255381,0.2,8.1,136.3,259377,0.1,4.7,2022-09-01
England,http://landregistry.data.gov.uk/id/region/england,E92000001,2022-10,75912,monthly,151.4,307152,-0.1,11.6,153.6,469098,0.2,10.6,156.2,293341,0.1,12.7,155.2,254663,-0.3,13.5,135.7,258206,-0.5,8.1,2022-10-01
England,http://landregistry.data.gov.uk/id/region/england,E92000001,2022-11,77523,monthly,151.4,307163,0.0,9.2,153.6,469312,0.0,9.0,156.1,293144,-0.1,9.8,155.3,254802,0.1,10.8,135.6,258126,0.0,5.5,2022-11-01
England,http://landregistry.data.gov.uk/id/region/england,E92000001,2022-12,73294,monthly,150.5,305251,-0.6,7.6,151.8,463732,-1.2,7.3,155.2,291496,-0.6,8.7,154.5,253574,-0.5,8.3,135.7,258131,0.0,5.0,2022-12-01
England,http://landregistry.data.gov.uk/id/region/england,E92000001,2023-01,50359,monthly,149.2,302729,-0.8,5.8,151.9,464080,0.1,6.2,154.4,290008,-0.5,6.5,152.0,249417,-1.6,6.0,133.6,254311,-1.5,3.1,2023-01-01
England,http://landregistry.data.gov.uk/id/region/england,E92000001,2023-02,49837,monthly,148.2,300706,-0.7,4.7,151.2,461911,-0.5,5.6,152.8,286986,-1.0,5.1,150.9,247586,-0.7,4.9,133.3,253691,-0.2,1.6,2023-02-01
England,http://landregistry.data.gov.uk/id/region/england,E92000001,2023-03,57529,monthly,146.0,296136,-1.5,2.7,149.3,456071,-1.3,3.6,150.9,283495,-1.2,3.2,147.5,242057,-2.2,2.1,131.8,250761,-1.2,1.2,2023-03-01
England,http://landregistry.data.gov.uk/id/region/england,E92000001,2023-04,41002,monthly,146.2,296625,0.2,1.9,149.5,456643,0.1,3.1,151.3,284133,0.2,2.8,148.2,243249,0.5,1.0,131.3,249789,-0.4,-0.1,2023-04-01
England,http://landregistry.data.gov.uk/id/region/england,E92000001,2023-05,44542,monthly,146.1,296405,-0.1,0.6,148.1,452243,-1.0,0.9,150.9,283372,-0.3,0.8,148.7,244100,0.3,0.3,132.1,251346,0.6,0.1,2023-05-01
England,http://landregistry.data.gov.uk/id/region/england,E92000001,2023-06,56427,monthly,147.0,298247,0.6,0.2,149.1,455333,0.7,0.9,151.7,284975,0.6,0.6,150.6,247106,1.2,0.2,131.7,250542,-0.3,-2.2,2023-06-01
England,http://landregistry.data.gov.uk/id/region/england,E92000001,2023-07,52068,monthly,148.4,301065,0.9,-0.8,150.7,460204,1.1,-0.1,154.1,289415,1.6,-0.2,151.7,249027,0.8,-1.2,131.9,250913,0.1,-2.4,2023-07-01
England,http://landregistry.data.gov.uk/id/region/england,E92000001,2023-08,59192,monthly,149.2,302595,0.5,-1.2,151.4,462601,0.5,-0.8,154.4,290027,0.2,-0.7,153.2,251475,1.0,-1.3,132.1,251400,0.2,-3.0,2023-08-01
England,http://landregistry.data.gov.uk/id/region/england,E92000001,2023-09,57425,monthly,148.5,301258,-0.4,-2.0,150.1,458558,-0.9,-2.0,153.5,288240,-0.6,-1.6,152.5,250217,-0.5,-2.0,132.7,252488,0.4,-2.7,2023-09-01
England,http://landregistry.data.gov.uk/id/region/england,E92000001,2023-10,55937,monthly,147.8,299901,-0.5,-2.4,149.2,455860,-0.6,-2.8,153.1,287646,-0.2,-1.9,151.3,248379,-0.7,-2.5,132.4,251975,-0.2,-2.4,2023-10-01
England,http://landregistry.data.gov.uk/id/region/england,E92000001,2023-11,54315,monthly,146.7,297655,-0.7,-3.1,149.3,455995,0.0,-2.8,152.3,286049,-0.6,-2.4,149.6,245572,-1.1,-3.6,130.6,248535,-1.4,-3.7,2023-11-01
England,http://landregistry.data.gov.uk/id/region/england,E92000001,2023-12,50706,monthly,145.5,295113,-0.9,-3.3,146.6,447870,-1.8,-3.4,151.0,283694,-0.8,-2.7,149.1,244749,-0.3,-3.5,129.8,247051,-0.6,-4.3,2023-12-01
England,http://landregistry.data.gov.uk/id/region/england,E92000001,2024-01,39997,monthly,145.2,294539,-0.2,-2.7,147.1,449218,0.3,-3.2,150.6,282863,-0.3,-2.5,148.7,244129,-0.3,-2.1,129.1,245706,-0.5,-3.4,2024-01-01
England,http://landregistry.data.gov.uk/id/region/england,E92000001,2024-02,43992,monthly,144.9,293997,-0.2,-2.2,145.9,445593,-0.8,-3.5,150.9,283382,0.2,-1.3,148.8,244277,0.1,-1.3,128.7,244825,-0.4,-3.5,2024-02-01
England,http://landregistry.data.gov.uk/id/region/england,E92000001,2024-03,48738,monthly,144.7,293569,-0.1,-0.9,146.0,445809,0.0,-2.3,150.3,282319,-0.4,-0.4,148.5,243776,-0.2,0.7,128.7,244991,0.1,-2.3,2024-03-01
England,http://landregistry.data.gov.uk/id/region/england,E92000001,2024-04,42390,monthly,145.7,295561,0.7,-0.4,146.6,447696,0.4,-2.0,151.7,284956,0.9,0.3,149.8,245786,0.8,1.0,129.2,245895,0.4,-1.6,2024-04-01
England,http://landregistry.data.gov.uk/id/region/england,E92000001,2024-05,48601,monthly,147.0,298181,0.9,0.6,147.8,451480,0.8,-0.2,153.0,287468,0.9,1.4,151.4,248554,1.1,1.8,130.0,247295,0.6,-1.6,2024-05-01
England,http://landregistry.data.gov.uk/id/region/england,E92000001,2024-06,43022,monthly,148.1,300513,0.8,0.8,148.4,453419,0.4,-0.4,154.2,289626,0.8,1.6,153.1,251351,1.1,1.7,130.9,249129,0.7,-0.6,2024-06-01
England,http://landregistry.data.gov.uk/id/region/england,E92000001,2024-07,47862,monthly,150.2,304702,1.4,1.2,151.3,462080,1.9,0.4,157.1,295129,1.9,2.0,154.9,254165,1.1,2.1,131.4,250065,0.4,-0.3,2024-07-01
England,http://landregistry.data.gov.uk/id/region/england,E92000001,2024-08,44874,monthly,152.4,309170,1.5,2.2,153.4,468686,1.4,1.3,159.0,298629,1.2,3.0,157.0,257720,1.4,2.5,134.1,255236,2.1,1.5,2024-08-01
England,http://landregistry.data.gov.uk/id/region/england,E92000001,2024-09,37258,monthly,151.9,308216,-0.3,2.3,153.3,468248,-0.1,2.1,158.6,297829,-0.3,3.3,156.4,256639,-0.4,2.6,133.5,254030,-0.5,0.6,2024-09-01
England,http://landregistry.data.gov.uk/id/region/england,E92000001,2024-10,,monthly,151.7,307665,-0.2,2.6,152.2,464774,-0.7,2.0,158.0,296809,-0.3,3.2,156.6,256995,0.1,3.5,133.9,254796,0.3,1.1,2024-10-01
England,http://landregistry.data.gov.uk/id/region/england,E92000001,2024-11,,monthly,151.1,306494,-0.4,3.0,150.5,459675,-1.1,0.8,158.5,297738,0.3,4.1,156.3,256501,-0.2,4.5,132.7,252604,-0.9,1.6,2024-11-01
